theta,phi,acc_x,acc_y,acc_z,abs_a,delta_g_x,delta_g_y,delta_g_z,delta_abs_g,theta_phi,label
33.11,-179.005,-125,-95,1024,1035.966,3570,-1540,-2310,3377,212.115,swipe left
53.74,104.066,-461,-8,707,844.058,-14910,-55790,-3080,54607,-50.326,swipe left
52.674,0.346,-448,1788,1352,2285.946,-39130,107310,494410,-39442,52.328,swipe left
7.747,-145.394,1819,-11,1387,2287.498,150920,6580,-753060,26395,153.141,swipe left
18.731,175.192,-205,-23,1007,1027.911,980,-980,-140,1015,-156.461,swipe left
71.048,135.014,-321,27,950,1003.13,7630,4970,-18620,18392,-63.966,swipe left
40.687,-1.47,-1998,1997,970,2986.789,-17360,-66290,117250,1000,42.157,swipe left
16.222,-179.43,1480,-38,1722,2270.931,-630,87850,-131180,18699,195.652,swipe left
10.175,-55.568,-180,-32,1003,1019.525,-10780,9380,210,-5283,65.743,swipe left
80.336,135.014,109,-159,1074,1091.163,9940,-13510,-69930,38471,-54.678,swipe left
44.529,0.733,-1998,1997,481,2865.549,-560,-52430,-32410,-26414,43.796,swipe left
22.853,177.054,1562,-20,1588,2227.552,-21910,81760,81410,13793,-154.201,swipe left
27.888,176.415,-215,-55,1003,1027.258,-420,-1750,-630,1892,-148.527,swipe left
57.798,135.014,-431,27,816,923.225,14280,-4760,-40250,40027,-77.216,swipe left
52.492,-3.47,-1998,1997,1779,3338.39,-5810,-72940,257950,-4177,55.962,swipe left
28.496,177.402,1913,-116,1471,2415.96,-1190,107660,-298410,15652,-148.906,swipe left
18.912,179.193,-212,-37,1004,1026.805,-560,-1890,-5040,4874,-160.281,swipe left
65.073,133.619,-284,4,829,876.306,28280,11340,-41720,48084,-68.546,swipe left
45.007,-1.29,-1903,1997,1282,3041.864,-135520,-78400,585340,-31165,46.297,swipe left
49.008,174.659,1998,-45,1998,2825.957,117530,89600,-682920,-13412,-125.651,swipe left
12.298,-126.869,-191,-74,977,998.241,-910,-2730,1260,643,139.167,swipe left
58.383,135.014,-138,-184,1055,1079.78,3850,-1680,-19040,17776,-76.631,swipe left
46.406,-5.489,-1998,1997,1739,3317.248,103250,6510,-3500,34093,51.895,swipe left
32.451,174.182,1998,-192,1911,2771.423,-124950,12810,-30240,2138,-141.731,swipe left
30.622,-178.588,-165,-64,1005,1020.463,1610,840,-4970,2679,209.21,swipe left
54.498,44.493,-487,-12,823,956.369,20650,25130,-34720,42734,10.005,swipe left
45.423,9.824,1998,1963,1998,3440.548,-348950,-93520,718340,6541,35.599,swipe left
19.131,175.265,1998,346,1998,2846.704,618450,193270,-1123430,-9189,-156.134,swipe left
9.732,-156.551,-149,-72,1002,1015.573,350,840,-6930,4514,166.283,swipe left
101.134,135.014,-166,-72,1055,1070.404,16170,6440,-22120,24126,-33.88,swipe left
34.261,-7.495,-1998,1997,-556,2879.088,28350,10500,196840,18525,41.756,swipe left
15.672,-164.762,1140,-150,1688,2042.411,-58030,-26460,-110530,1616,180.434,swipe left
28.988,-179.336,-213,-72,989,1014.235,-2590,1050,1190,-953,208.324,swipe left
45.263,-7.752,-518,-6,935,1068.917,6650,3150,-25340,22771,53.015,swipe left
93.221,135.014,1998,-272,1998,2838.66,14910,99960,-167370,8031,-41.793,swipe left
42.579,-6.877,-1998,1997,-159,2829.362,-82950,-160300,-63630,13521,49.456,swipe left
23.483,165.455,-269,-48,955,993.322,5460,-2240,-8750,8045,-141.972,swipe left
68.583,135.014,-397,103,944,1029.249,57400,78820,-162960,14201,-66.431,swipe left
54.694,-7.313,-1998,1997,1108,3034.415,-59710,-98420,216510,20836,62.007,swipe left
31.499,-175.146,1979,-254,1413,2444.897,-5740,44450,-52290,-27679,206.645,swipe left
37.129,164.015,-583,167,801,1004.678,17430,10150,-52920,-6035,-126.886,swipe left
51.536,37.439,1997,1529,1998,3212.141,-171710,-2940,519050,58098,14.097,swipe left
45.836,-13.894,1997,-494,1998,2867.76,296940,74900,-741720,-48506,59.73,swipe left
45.805,173.343,-994,116,973,1395.786,-154700,-67550,305970,10296,-127.538,swipe left
30.806,169.321,-525,99,896,1043.188,6090,-490,-25620,25570,-138.515,swipe left
45.436,10.135,1997,357,1998,2847.36,-69230,22890,255430,937,35.301,swipe left
119.066,90.2,-7,1997,-1110,2284.766,269290,220640,-1020740,1988,28.866,swipe left
35.988,165.037,-696,186,992,1226,-203980,-278810,883260,-28386,-129.049,swipe left
6.126,128.19,-59,75,889,894.106,-140,9380,-48790,48433,-122.064,swipe left
47.26,22.544,1997,829,1998,2944.02,-112070,-57470,371490,-511,24.716,swipe left
124.84,92.122,-74,1997,-1391,2434.823,-1890,183750,-1096410,-19455,32.718,swipe left
9.831,74.992,63,235,1404,1424.924,99470,-162050,856660,657,-65.161,swipe left
27.5,-177.204,-242,-88,994,1026.812,140,-1540,-3920,4172,204.704,swipe left
66.409,45.404,-430,-21,827,932.346,27160,12530,-87850,28664,21.005,swipe left
45.074,-4.122,1828,1854,1137,2841.068,-231070,-33110,654990,15501,49.196,swipe left
51.64,-178.508,1998,-144,1998,2829.265,320250,52430,-887810,-7845,230.148,swipe left
11.822,66.577,-217,-7,1029,1051.655,11900,2240,-23100,20179,-54.755,swipe left
80.593,135.014,107,247,1286,1313.869,73780,131390,-178360,38072,-54.421,swipe left
52.219,-5.545,-1998,1997,468,2863.395,-428470,-435050,846860,-31445,57.764,swipe left
32.991,177.006,1998,-194,1556,2539.837,357280,319550,-821800,8256,-144.015,swipe left
23.94,-178.005,-301,-52,1006,1051.351,-910,-5180,-16590,16645,201.945,swipe left
60.776,62.807,-402,-14,906,991.279,25900,12670,-71540,-2201,-2.031,swipe left
45.387,-9.406,1026,1997,1256,2572.59,-233660,-88480,859600,8619,54.793,swipe left
49.315,178.722,1998,-331,1998,2844.919,265370,116690,-932890,6266,-129.407,swipe left
34.835,177.367,-284,-55,993,1034.277,490,-1260,-3220,3490,-142.532,swipe left
46.734,19.74,-609,28,876,1067.258,26810,19600,-63420,38064,26.994,swipe left
81.822,82.988,1998,717,1998,2915.149,-136220,84770,317520,-39691,-1.166,swipe left
9.288,151.326,237,1927,279,1961.463,224560,-111930,-955220,11419,-142.038,swipe left
11.259,-176.721,-208,-61,1001,1024.2,70,-3290,-6300,7086,187.98,swipe left
45.681,12.446,-192,-11,966,984.957,34650,41580,-95130,21515,33.235,swipe left
110.3,135.014,1998,441,1998,2859.805,-162470,133140,257880,2475,-24.714,swipe left
28.328,4.106,-1998,1997,-1045,3011.982,228480,-168070,-773500,-5506,24.222,swipe left
6.691,-178.465,-246,4,1007,1036.619,1260,1890,-6230,735,185.156,swipe left
58.126,43.65,-112,-3,955,961.549,7210,-3150,-13370,14492,14.476,swipe left
47.564,9.294,1998,1906,1717,3251.604,-242270,262080,454790,22183,38.27,swipe left
7.137,166.446,1998,327,1851,2743.197,407400,-94360,-927500,-17787,-159.309,swipe left
12.603,163.668,-416,25,933,1021.846,980,-20930,12320,18473,-151.065,swipe left
57.949,83.656,-215,63,1002,1026.741,2100,35840,-43050,11793,-25.707,swipe left
45.106,4.948,222,1997,1258,2370.623,-121310,-100310,649600,8992,40.158,swipe left
34.265,175.559,1998,173,1998,2830.889,232260,222600,-902020,10187,-141.294,swipe left
15.329,-176.155,-103,-47,1019,1025.27,0,3640,70,-3582,191.484,swipe left
64.618,9.982,-253,-17,925,959.126,8470,-10010,-13580,17577,54.636,swipe left
65.732,-1.347,1642,289,791,1845.363,-54810,2170,342720,38841,67.079,swipe left
11.134,151.412,1998,-47,901,2192.262,98000,95340,-625800,-2915,-140.278,swipe left
7.554,174.844,-90,3,987,991.099,2240,-770,-1540,542,-167.29,swipe left
51.016,3.494,-133,12,1007,1015.815,-1890,-560,-3360,2804,47.522,swipe left
57.669,14.802,1998,122,1620,2575.128,-105070,-55230,359870,50199,42.867,swipe left
6.038,143.66,1998,528,1308,2445.741,227220,167020,-850290,-23357,-137.622,swipe left
12.587,-175.763,-163,-26,995,1008.598,1400,1680,-490,-1618,188.35,swipe left
45.047,-3.294,-216,-16,970,993.887,2870,-1260,-770,1824,48.341,swipe left
106.651,135.118,1998,-115,1998,2827.937,-38920,66500,104860,45555,-28.467,swipe left
14.07,149.076,-1457,1451,-615,2146.27,16310,-55930,-547050,-17604,-135.006,swipe left
22.501,-17.531,-149,-8,1010,1020.962,-3080,-1120,3920,-92,40.032,swipe left
59.981,129.573,459,-145,1162,1257.755,10500,11550,-14770,14478,-69.592,swipe left
45.416,-9.741,-967,1170,877,1753.031,-103530,-66360,383810,41874,55.157,swipe left
33.763,174.897,1998,-343,1998,2846.341,163450,113190,-501270,-1441,-141.134,swipe left
6.118,144.462,-146,-10,989,999.768,4130,10850,-6930,9809,-138.344,swipe left
60.272,96.58,-84,60,963,968.516,45010,55930,-78120,25290,-36.308,swipe left
45,0.258,-175,1517,872,1758.493,-168630,-176330,587440,-20162,44.742,swipe left
31.401,-178.037,1998,-9,1998,2825.613,227920,203490,-747390,1682,209.438,swipe left
37.484,-10.627,-162,-18,1007,1020.106,420,-2030,6440,-275,48.111,swipe left
78.28,135.014,906,-170,1202,1514.773,11060,25760,-23870,25920,-56.734,swipe left
44.886,-2.649,-1998,1997,586,2885.031,-129430,-188930,520240,15579,47.535,swipe left
19.603,179.228,1988,-92,1998,2820.037,184800,214900,-623980,-14283,-159.625,swipe left
10.359,177.912,-121,-25,991,998.672,18200,-9450,-5390,6549,-167.553,swipe left
45.21,-6.934,-192,7,1051,1068.416,3290,7280,7910,-1509,52.144,swipe left
88.864,135.014,1998,-243,1998,2836.028,-50750,80850,134680,15005,-46.15,swipe left
9.527,22.463,-1998,1997,56,2825.446,40950,-30030,-410830,10311,-12.936,swipe left
5.534,-169.854,-108,-8,981,986.959,420,2520,-5950,773,175.388,swipe left
45.148,-5.829,-95,-17,996,1000.664,3220,-2590,13860,1395,50.977,swipe left
78.865,135.014,1998,-204,1998,2832.953,15540,124810,43750,49973,-56.149,swipe left
21.275,0.188,-1998,1997,556,2879.088,-52430,-101500,-432810,-20578,21.087,swipe left
7.008,-172.647,-80,-22,1011,1014.398,1330,-1330,-2660,3235,179.655,swipe left
52.423,-7.76,-124,-16,1017,1024.656,140,1120,-4900,4046,60.183,swipe left
70.56,135.014,1996,-272,1550,2541.751,-5180,17500,31290,16801,-64.454,swipe left
26.215,-5.065,-1998,1997,997,2995.667,-29890,34860,-376320,-4262,31.28,swipe left
5.947,177.273,-189,10,988,1005.964,-3920,-1330,-1820,3328,-171.326,swipe left
45.024,-2.35,-105,5,1009,1014.46,5040,2240,-4900,3217,47.374,swipe left
93.888,135.014,1998,-82,1998,2826.788,-42210,46830,116550,35070,-41.126,swipe left
33.795,-10.225,-1998,1997,-192,2831.408,121450,6860,-446810,-12649,44.02,swipe left
3.729,-23.096,68,-29,1134,1136.407,28560,23450,-49280,58148,26.825,swipe left
69.949,135.014,-1998,1997,1031,3007.153,-124670,-88830,463750,-50517,-65.065,swipe left
39.276,-6.682,1579,-185,1944,2511.294,154700,79590,-492800,23232,45.958,swipe left
24.383,167.767,-369,80,833,914.576,-49910,-18620,66150,-17267,-143.384,swipe left
21.302,166.001,-353,88,933,1001.419,140,1820,10150,-3159,-144.699,swipe left
83.677,135.014,-1998,1997,313,2842.179,-134120,-116550,631820,35417,-51.337,swipe left
47.234,-6.768,1997,-237,1860,2739.302,179620,160860,-791070,10793,54.002,swipe left
18.356,163.32,-267,80,840,885.036,-32480,-42700,138810,-28995,-144.964,swipe left
12.166,161.045,-198,68,971,993.312,1400,3220,2030,-3990,-148.879,swipe left
45.034,3.353,1997,117,1998,2827.313,-39620,176890,258720,42589,41.681,swipe left
97.873,86.549,84,1393,-193,1408.812,199220,-46900,-822290,15602,11.324,swipe left
25.607,150.439,-469,266,1125,1247.534,-176190,-167720,648200,-46513,-124.832,swipe left
8.561,157.094,-142,60,1024,1035.538,6580,-1540,-9940,11305,-148.533,swipe left
56.737,29.022,1997,1108,1498,2731.24,-105280,-29820,468720,34567,27.715,swipe left
45.006,2.179,1997,76,1998,2825.913,257110,194880,-849030,3005,42.827,swipe left
46.608,164.054,-833,238,819,1192.18,-183540,-167020,442540,-8875,-117.446,swipe left
14.466,158.994,-237,91,984,1016.221,15680,-5880,-101220,34967,-144.528,swipe left
56.103,135.014,-1998,1997,1898,3403.294,-31500,-190960,586810,13826,-78.911,swipe left
52.979,-7.556,1960,-260,1491,2476.344,-5320,156100,-494970,-2271,60.535,swipe left
11.809,-176.672,-172,-10,824,841.819,23940,59780,-6860,-33538,188.481,swipe left
16.062,153.334,-229,115,890,926.156,30730,20790,-112980,48826,-137.272,swipe left
81.94,135.014,-1998,1997,400,2853.07,-153370,-115570,515200,-3560,-53.074,swipe left
28.595,8.193,757,109,1403,1597.917,84840,93660,-333060,-25253,20.402,swipe left
17.094,-176.987,-285,-15,928,970.893,36260,-7980,-60410,-20426,194.081,swipe left
36.054,166.932,-629,146,887,1097.144,28140,13300,-33740,41469,-130.878,swipe left
56.736,135.014,-1998,1997,1853,3378.405,-88410,-163170,750400,4922,-78.278,swipe left
45.131,-5.775,1997,-202,1998,2832.104,106960,170240,-805000,-5490,50.906,swipe left
19.189,178.322,-239,7,687,727.419,-61670,-12740,73430,-18760,-159.133,swipe left
11.378,146.652,-155,102,922,940.485,3640,3150,-13930,13592,-135.274,swipe left
45.125,-5.662,1997,-198,1998,2831.822,6510,57120,71960,8792,50.787,swipe left
121.953,135.014,-1998,1997,-1762,3329.362,-144900,-25410,-601160,25479,-13.061,swipe left
31.24,8.185,876,126,1459,1706.438,103460,-83650,674800,-27427,23.055,swipe left
9.2,149.281,-138,82,991,1003.916,-140,-700,1890,-732,-140.081,swipe left
45.155,-6.229,1997,-218,1998,2833.29,61110,79170,-41510,41628,51.384,swipe left
80.612,135.014,-1998,1997,467,2863.232,-263130,-30730,-490140,14357,-54.402,swipe left
22.321,8.693,569,87,1402,1515.563,213640,-85610,591500,-36034,13.628,swipe left
29.738,6.447,646,73,1138,1310.606,53550,14490,-198170,33873,23.291,swipe left
112.255,135.014,-1998,1997,-1156,3052.269,-204680,-116690,673610,13834,-22.759,swipe left
46.163,2.883,1866,94,1794,2590.217,147070,87710,-482090,-33099,43.28,swipe left
28.436,-179.247,-457,-6,844,959.802,20370,34160,-15120,1395,207.683,swipe left
22.859,-8.822,567,-88,1361,1477.008,14980,-3640,-71540,40995,31.681,swipe left
70.344,135.014,-1998,1997,1009,2999.682,-72030,-53060,398160,-9886,-64.67,swipe left
46.549,-4.371,1923,-147,1827,2656.589,69440,61110,-344260,-9591,50.92,swipe left
12.629,-168.572,-188,-38,856,877.225,-38220,-22680,49280,-19497,181.201,swipe left
1.649,3.691,31,2,1079,1079.447,33880,18270,-15260,32604,-2.042,swipe left
66.457,123.081,-1239,1902,989,2476.054,-119630,-35910,524720,2701,-56.624,swipe left
46.681,-9.271,1997,-326,1908,2781.141,78610,-31780,-485030,9449,55.952,swipe left
26.57,-178.751,-413,-9,826,923.539,-140,42840,-13230,-40083,205.321,swipe left
14.729,174.748,-272,25,1039,1074.304,-770,7070,-20930,17910,-160.019,swipe left
49.438,13.786,1997,490,1760,2706.604,-1330,97370,334250,14358,35.652,swipe left
48.144,26.84,1243,629,1248,1870.345,183750,-17850,-841190,21960,21.304,swipe left
4.642,116.861,-39,77,1063,1066.498,-179410,-100520,561330,-29971,-112.219,swipe left
8.585,171.694,-137,20,917,927.393,17010,17570,-35980,38948,-163.109,swipe left
50.57,110.835,-760,1997,1757,2766.343,-21490,-420,753480,9212,-60.265,swipe left
59.694,-9.503,1571,-263,931,1844.985,39200,41860,-878360,-4840,69.197,swipe left
13.349,-168.161,-229,-48,986,1013.38,-45920,-69580,164500,-34596,181.51,swipe left
2.915,-163.072,-46,-14,944,945.223,-1680,9030,-10430,4166,165.987,swipe left
49.642,-5.178,1997,-181,1704,2631.422,16520,51660,122150,21823,54.82,swipe left
105.857,135.259,-1998,1980,-799,2924.176,-91700,19040,-457870,-10833,-29.402,swipe left
11.872,47.544,172,188,1212,1238.495,73640,-86940,365050,-3560,-35.672,swipe left
2.928,-175.333,-49,-4,961,962.256,-5530,350,3570,-3543,178.261,swipe left
45.352,-2.179,1997,-76,1974,2808.996,23310,49000,88620,29477,47.531,swipe left
117.73,135.014,-1998,1997,-1485,3191.431,-104160,21000,-450170,17796,-17.284,swipe left
17.433,25.294,383,181,1349,1413.948,44660,-104230,407260,-33479,-7.861,swipe left
29.02,164.104,-453,129,849,970.902,19040,13720,-45220,44703,-135.084,swipe left
54.728,135.014,-1998,1997,1998,3460.06,-126070,-105140,722610,2511,-80.286,swipe left
45.019,-2.78,1997,-97,1998,2826.556,175770,135870,-803950,-22500,47.799,swipe left
18.017,179.611,-295,2,907,953.77,-63700,-37520,109410,-11911,-161.594,swipe left
2.534,-139.844,-32,-27,946,946.926,28140,7280,13650,-12142,142.378,swipe left
55.776,17.934,1996,646,1427,2537.254,-63420,-1050,321160,41101,37.842,swipe left
80.715,42.392,1274,1163,282,1747.904,166040,115220,-920150,-17847,38.323,swipe left
35.395,171.901,-752,107,1069,1311.378,-122710,-135520,669340,-7844,-136.506,swipe left
5.272,-34.734,75,-52,989,993.201,4130,14980,10500,-5511,40.006,swipe left
41.822,100.769,-206,1083,1232,1653.223,-75460,-138250,379050,32557,-58.947,swipe left
56.316,3.124,1997,109,1333,2403.493,165480,266490,-647780,-3808,53.192,swipe left
41.061,174.834,-708,64,816,1082.227,-101710,-144550,292460,-11979,-133.773,swipe left
5.865,-160.104,-105,-38,1087,1092.72,420,7840,-11340,4567,165.969,swipe left
50.72,-2.58,1997,-90,1635,2582.505,-1890,33810,144340,29314,53.3,swipe left
91.36,135.086,-1998,1992,-67,2822.154,-83580,12880,-457030,21660,-43.726,swipe left
38.44,-6.252,1077,-118,1365,1742.721,94010,-60060,278530,-16625,44.692,swipe left
22.585,-164.754,-488,-133,1216,1317,10570,-14770,-17430,-9168,187.339,swipe left
67.153,125.147,-1406,1997,1029,2650.223,-27160,-15400,-81690,41764,-57.994,swipe left
61.013,72.342,530,1665,968,1997.535,406630,18060,922670,3238,-11.329,swipe left
26.546,-124.014,-301,-446,1077,1203.929,-460180,45500,-1285480,-2403,150.56,swipe left
11.146,-33,174,-113,1053,1073.244,-26110,47670,-65170,-22009,44.146,swipe left
69.291,133.513,-1896,1997,1041,2943.893,16940,-7910,-32900,17186,-64.222,swipe left
61.757,45,1997,1997,1517,3205.823,388920,-54250,860860,-48935,16.757,swipe left
18.589,-109.358,-130,-370,1166,1230.185,-386610,118230,-1043980,1743,127.947,swipe left
13.27,-100.701,-48,-254,1096,1126.071,-16450,1120,-3500,52,113.971,swipe left
62.44,135.732,-1980,1930,1443,3118.901,-9170,-2590,-38500,22557,-73.292,swipe left
77.154,45,1997,1997,644,2896.679,402010,-121800,924420,10743,32.154,swipe left
38.408,-140.902,-587,-477,954,1217.462,-384370,217770,-1324470,-6019,179.31,swipe left
4.843,-27.45,77,-40,1024,1027.669,-11200,4620,-10150,-9134,32.293,swipe left
69.542,35.051,1997,1401,910,2603.634,-7560,-4620,-14420,15871,34.491,swipe left
54.098,-162.446,-1998,-632,1517,2587.028,-39760,-6580,-5950,33166,216.544,swipe left
51.297,-120.602,-291,-492,458,732.467,-75670,-29190,-240590,-13769,171.899,swipe left
8.115,-112.699,-64,-153,1163,1174.765,-40180,32340,-218330,-41025,120.814,swipe left
56.314,27.599,1997,1044,1502,2708.126,13860,-6720,-42910,11374,28.715,swipe left
65.036,-159.049,-1998,-765,996,2359.924,-44310,14070,-95830,-4184,224.085,swipe left
76.68,12.395,1679,369,407,1766.593,-22400,-85330,-114100,33170,64.285,swipe left
24.236,-128.848,-327,-406,1158,1269.932,-3990,-3920,5530,-3968,153.084,swipe left
53.122,138.607,-1998,1761,1998,3329.433,-43750,3360,-49420,51888,-85.485,swipe left
61.98,44.58,1997,1968,1492,3176.019,280000,-100240,764820,-21001,17.4,swipe left
30.2,-123.498,-274,-414,853,986.955,-218330,197820,-948640,-12837,153.698,swipe left
14.156,-143.087,-217,-163,1076,1109.699,-2870,4690,5880,5205,157.243,swipe left
91.561,45,1997,1997,-77,2825.233,-2730,-10220,-14420,-56,46.561,swipe left
88.643,-170.203,-1998,-345,48,2028.135,-11130,-83300,313040,49034,258.846,swipe left
33.067,-122.321,-267,-422,767,915.238,-107100,140770,-597030,-8964,155.388,swipe left
12.431,-132.19,-155,-171,1047,1072.135,-73710,28700,-157430,13226,144.621,swipe left
67.595,44.985,1997,1996,1164,3054,26320,-12320,-2590,-14922,22.61,swipe left
80.864,-161.41,-1998,-672,339,2135.066,-4900,-54600,-20230,6369,242.274,swipe left
34.397,-35.906,366,-265,660,799.863,-100940,76090,-233030,3930,70.303,swipe left
13.944,-137.489,-192,-176,1049,1080.851,21210,700,10080,-16865,151.433,swipe left
110.037,45,1997,1997,-1030,3006.146,-2030,-24430,-19390,26192,65.037,swipe left
69.282,160.148,-1997,721,803,2269.947,-5810,2100,592620,24525,-90.866,swipe left
39.469,-17.324,779,-243,991,1283.733,-65870,86450,-973770,927,56.793,swipe left
30.356,165.559,-532,137,938,1087.031,26320,25410,-48580,53593,-135.203,swipe left
56.788,44.784,1997,1982,1842,3362.929,-186760,-69720,570290,-36306,12.004,swipe left
44.999,-1.749,1997,-61,1998,2825.55,312340,116480,-876540,33361,46.748,swipe left
46.937,167.237,-958,217,918,1344.461,-152600,-70630,380170,-43357,-120.3,swipe left
31.183,-4.006,-196,17,993,1012.301,-700,-5600,1470,3237,35.189,swipe left
67.625,132.045,771,-54,1277,1492.677,10850,35770,-14770,25454,-64.42,swipe left
35.72,-3.63,-1801,1997,1107,2908.102,-115360,-174300,567490,20892,39.35,swipe left
28.785,179.007,1182,-75,1647,2028.634,136220,154560,-664790,-15439,-150.222,swipe left
19.916,6.111,-131,4,1000,1008.551,1470,-1960,-8960,6321,13.805,swipe left
81.761,135.014,495,53,1374,1461.406,27020,47600,-20300,48279,-53.253,swipe left
36.711,-12.967,-1998,1997,409,2854.346,-190960,-199850,569590,6484,49.678,swipe left
27.042,177.619,1090,-251,1500,1871.122,199710,164780,-601930,-37429,-150.577,swipe left
7.421,12.482,-68,-7,1030,1032.265,1610,-2170,1540,567,-5.061,swipe left
52.265,20.526,131,29,1030,1038.702,12320,18690,3010,9482,31.739,swipe left
51.838,19.435,1923,720,1589,2596.391,-126140,-70420,358680,22336,32.403,swipe left
13.611,157.456,1998,705,1665,2694.671,232400,257950,-870310,-14332,-143.845,swipe left
12.653,174.691,-119,-9,1001,1008.088,3360,-1540,-140,578,-162.038,swipe left
53.736,-1.089,-226,21,1011,1036.165,4550,-20860,-14840,25857,54.825,swipe left
98.347,140.4,1998,-38,1466,2478.427,-38500,47950,135730,20215,-42.053,swipe left
4.436,-11.449,-1754,1451,-334,2300.754,-14490,53200,-551040,-10425,15.885,swipe left
9.172,-2.96,-89,17,970,974.222,1890,5110,-9520,10206,12.132,swipe left
51.82,75.979,174,-9,1079,1092.976,630,33880,19390,18343,-24.159,swipe left
57.832,19.486,419,1678,1360,2200.192,-151340,-172270,551110,19651,38.346,swipe left
16.932,154.259,1998,707,1333,2503.745,267260,244300,-1018500,-31762,-137.327,swipe left
10.147,180,-184,0,1028,1044.337,4270,-910,-3570,3579,-169.853,swipe left
56.509,-3.638,1997,-127,1324,2399.398,45570,68040,103530,43741,60.147,swipe left
116.186,141.752,-1993,1571,-1248,2828.001,-140070,6930,-551040,-13961,-25.566,swipe left
29.796,-6.003,504,-53,885,1019.828,82180,-97020,477190,-3065,35.799,swipe left
23.307,161.125,-351,120,861,937.508,30870,45640,-56000,38817,-137.818,swipe left
47.355,19.571,1997,710,1952,2881.39,-78330,-1540,353220,-22774,27.784,swipe left
57.61,9.103,1997,320,1283,2395.098,91700,43470,-696150,34586,48.507,swipe left
49.836,167.985,-1123,239,969,1502.401,-70980,-117180,491470,-19363,-118.149,swipe left
9.983,165.338,-172,45,1010,1025.528,5250,7630,-20370,21149,-155.355,swipe left
73.523,125.775,-1439,1997,728,2566.849,-88480,-98840,703220,24777,-52.252,swipe left
53.832,0.774,1997,27,1460,2473.931,142800,106330,-765240,7807,53.058,swipe left
17.439,-167.566,-254,-56,828,867.891,-56070,-1260,71680,-39968,185.005,swipe left
7.634,133.652,-83,87,897,905.023,11200,13300,-34860,31587,-126.018,swipe left
48.698,61.417,1088,1997,1998,3027.169,-201390,-179130,642950,-26477,-12.719,swipe left
45.226,7.417,1997,260,1998,2836.831,251790,182280,-808290,4708,37.809,swipe left
35.527,171.142,-539,84,764,938.761,-71050,-20510,221270,-3779,-135.615,swipe left
13.505,153.434,-200,100,931,957.476,-7770,-30940,-16800,34222,-139.929,swipe left
49.106,27.056,1997,1020,1942,2966.441,-23310,-95270,459270,-609,22.05,swipe left
76.568,28.593,1853,1010,504,2169.729,111370,266770,-1008910,-5718,47.975,swipe left
6.527,112.18,-53,130,1227,1235.005,-73010,-145740,588420,-16250,-105.653,swipe left
9.813,-121.772,-96,-155,1054,1069.652,-66150,-4060,-35490,-7566,131.585,swipe left
56.355,17.3,1997,622,1392,2512.48,96320,-59920,-20160,22842,39.055,swipe left
46.931,-159.878,-1998,-732,1989,2912.721,-80640,-31290,51660,-50396,206.809,swipe left
50.567,-12.654,579,-130,488,768.3,57470,110600,164640,40456,63.221,swipe left
10.455,-68.506,76,-193,1124,1142.979,-43400,17990,-100590,21354,78.961,swipe left
46.988,160.692,-1998,700,1975,2895.277,122920,-82320,416640,24937,-113.704,swipe left
56.027,45,1997,1997,1903,3405.499,-74270,48930,-448910,-14862,11.027,swipe left
14.878,-170.942,-345,-55,1315,1360.615,-3150,12390,124110,-27054,185.82,swipe left
12.341,-120.386,-112,-191,1012,1035.938,1960,-4550,-2800,4134,132.727,swipe left
47.217,168.486,-1998,407,1887,2778.204,116060,-51520,423080,25934,-121.269,swipe left
64.866,43.888,1997,1921,1300,3060.759,-115360,168420,-672490,-8821,20.978,swipe left
36.661,-156.405,-854,-373,1252,1560.752,8470,-123410,245070,-7081,193.066,swipe left
18.929,-94.711,-30,-364,1065,1125.886,-24570,-19320,-60900,38226,113.64,swipe left
52.223,163.865,-1998,578,1612,2631.469,138600,-18270,247590,6623,-111.642,swipe left
56.391,45,1997,1997,1877,3391.039,-96110,99540,-338030,-19587,11.391,swipe left
6.802,-155.336,-98,-45,904,910.409,8890,-46270,118440,12896,162.138,swipe left
6.211,-106.654,-35,-117,1122,1128.626,3220,-14840,-1400,14459,112.865,swipe left
94.105,38.031,1997,1562,-182,2541.845,-54600,-13860,343280,22116,56.074,swipe left
66.615,-179.541,-1998,-16,864,2176.868,-64820,28910,-661080,10082,246.156,swipe left
49.393,-137.204,-499,-462,583,895.73,52500,-57330,503510,10605,186.597,swipe left
12.928,-124.679,-128,-185,980,1005.489,-17990,-7630,-9940,10505,137.607,swipe left
88.276,45,1997,1997,85,2825.463,-50260,-12880,57120,15082,43.276,swipe left
97.916,-177.964,-1998,-71,-278,2018.496,-66150,162960,-473970,23057,275.88,swipe left
48.389,-140.473,-812,-670,935,1408.001,150780,-176190,565810,-12690,188.862,swipe left
14.068,-130.189,-185,-219,1144,1179.373,-8260,-4690,-17360,9318,144.257,swipe left
95.058,45,1997,1997,-250,2835.228,-35910,-63910,182070,49883,50.058,swipe left
71.904,138.573,-1565,1381,682,2195.793,-78610,237160,-719670,-842,-66.669,swipe left
37.019,-119.01,-305,-550,834,1044.548,135380,-198170,629510,-11218,156.029,swipe left
16.729,-61.862,146,-273,1030,1075.52,-3780,-52150,-90230,49003,78.591,swipe left
56.957,-162.865,-1998,-616,1360,2494.205,-48720,26740,256830,-16067,219.822,swipe left
63.799,22.151,1997,813,1061,2403.06,37660,58800,-162960,-15091,41.648,swipe left
5.516,-20.998,99,-38,1098,1103.108,-10290,-19110,-36540,14650,26.514,swipe left
14.973,-46.66,201,-213,1095,1133.488,-19880,-10780,-61600,26157,61.633,swipe left
47.247,157.588,-1998,824,1998,2943.294,183820,-74900,481950,11969,-110.341,swipe left
70.317,44.985,1997,1996,1010,2998.687,-99120,262220,-1082760,6196,25.332,swipe left
50.855,-148.926,-765,-461,727,1151.64,-91140,-165900,653520,-19501,199.781,swipe left
14.081,-88.251,8,-262,1045,1077.373,-420,-11620,-18130,17571,102.332,swipe left
79.796,155.893,-1998,894,394,2224.067,56560,-20720,562380,35620,-76.097,swipe left
54.776,45,1997,1997,1994,3457.174,-7560,114800,-862190,5084,9.776,swipe left
36.077,-146.739,-619,-406,1016,1257.081,-56910,-94920,286230,-26613,182.816,swipe left
4.786,71.131,27,79,997,1000.489,11200,6090,-18900,12357,-66.345,swipe left
50.408,104.347,-409,1599,1365,2141.8,-43400,-119770,556360,23906,-53.939,swipe left
45.272,8.093,1997,284,1998,2839.131,137200,192850,-800170,2888,37.179,swipe left
39.039,174.381,-803,79,995,1281.044,-98420,-84980,269850,-31742,-135.342,swipe left
13.97,-65.736,119,-264,1164,1199.48,-16730,-11690,-69930,30456,79.706,swipe left
51.39,142.992,-1998,1506,1998,3201.881,134750,-48370,755090,-13749,-91.602,swipe left
55.921,44.155,1997,1939,1883,3360.568,-9940,198030,-1213730,-4065,11.766,swipe left
47.95,-152.052,-950,-504,970,1448.245,-125510,-138460,571760,25639,200.002,swipe left
11.782,-82.532,27,-206,996,1017.438,-4340,4760,-22190,14595,94.314,swipe left
68.489,126.823,-1469,1962,966,2634.494,137970,-81830,740670,23084,-58.334,swipe left
58.308,54.91,1391,1980,1494,2843.82,-126000,201530,-1260140,-15530,3.398,swipe left
20.498,-103.518,-113,-470,1293,1380.405,1260,-151690,603470,1578,124.016,swipe left
22.495,-85.721,30,-401,971,1050.971,-3290,3220,-29050,28016,108.216,swipe left
48.56,151.985,-1998,1063,1998,3018.936,110600,-95900,335160,6424,-103.425,swipe left
55.555,45,1997,1997,1937,3424.614,-105910,141050,-557130,19406,10.555,swipe left
20.546,-139.511,-376,-321,1319,1408.608,18690,-100660,257320,-8082,160.057,swipe left
16.12,-119.652,-152,-267,1063,1106.508,-18410,-14770,-39970,45892,135.772,swipe left
97.391,44.624,1997,1971,-364,2829.372,39760,-15050,489580,5270,52.767,swipe left
78.948,174.539,-1998,191,392,2045.03,-143360,211540,-848050,-21197,-95.591,swipe left
46.469,-132.03,-530,-588,752,1091.855,126350,-230160,538160,15581,178.499,swipe left
23.661,-68.878,141,-365,893,974.964,-23100,-15680,-38360,17054,92.539,swipe left
51.822,141.84,-1998,1570,1998,3232.477,62650,-54390,649880,-13941,-90.018,swipe left
60.011,44.58,1997,1968,1618,3237.121,23380,157710,-898240,20627,15.431,swipe left
37.294,-136.097,-585,-563,1066,1339.981,-71400,-112350,284620,-15684,173.391,swipe left
16.802,-120.335,-158,-270,1036,1082.201,-11480,-13230,-35070,35251,137.137,swipe left
54.593,135.302,-1998,1977,1998,3448.555,249130,-15190,829780,-8528,-80.709,swipe left
54.58,44.229,1997,1944,1982,3419.863,-120470,89390,-1074500,-15508,10.351,swipe left
33.945,-127.011,-389,-516,960,1157.228,-115080,-82950,277410,9941,160.956,swipe left
20.501,-95.099,-34,-381,1023,1092.174,-3780,-35280,-76860,45022,115.6,swipe left
49.394,149.01,-1998,1200,1998,3069.854,63630,-3780,349790,11358,-99.616,swipe left
54.546,44.624,1997,1971,1998,3444.539,-7840,59150,-430080,-28712,9.922,swipe left
30.672,-140.13,-437,-365,960,1116.151,-65380,-37730,188580,9746,170.802,swipe left
15.65,-99.921,-53,-303,1098,1140.272,-10220,-23800,-65730,36607,115.571,swipe left
67.627,120.705,-1186,1997,956,2511.68,315280,-86800,1097740,-7867,-53.078,swipe left
56.865,57.067,1221,1885,1466,2682.018,-261170,216370,-1590400,12271,-0.202,swipe left
46.072,-139.842,-749,-632,944,1360.72,-60340,-104230,564970,-31544,185.914,swipe left
9.31,-81.585,25,-169,1042,1055.911,2590,-4970,-2800,1155,90.895,swipe left
76.958,39.904,1997,1670,603,2672.174,-72730,-23380,361620,12301,37.054,swipe left
66.253,-173.32,-1998,-234,885,2197.722,-13020,107730,-732200,-2046,239.573,swipe left
49.529,-132.655,-328,-356,413,636.308,107170,-132650,503790,33352,182.184,swipe left
7.762,-140.247,-107,-89,1021,1030.442,910,-420,490,663,148.009,swipe left
45.013,1.748,1998,61,1998,2826.257,-61320,217280,7140,42125,43.265,swipe left
99.131,149.69,-1998,1168,-372,2344.058,34510,-169400,-337400,8824,-50.559,swipe left
16.4,9.865,437,76,1507,1570.921,23380,-66780,346430,-26106,6.535,swipe left
12.335,168.124,-214,45,1000,1023.631,-6370,-13160,1400,-7121,-155.789,swipe left
62.807,128.719,-1601,1997,1315,2877.574,-35280,-17780,605010,42166,-65.912,swipe left
58.447,-6.962,1998,-244,1236,2362.04,57750,56350,-779240,-2386,65.409,swipe left
29.128,177.142,-561,28,1008,1153.936,-25620,-28420,206430,-34301,-148.014,swipe left
7.432,-170.98,-126,-20,978,986.285,2870,-1680,-4410,3236,178.412,swipe left
54.005,32.283,1996,1261,1715,2918.109,-168770,-98070,495040,51292,21.722,swipe left
54.701,43.479,1895,1797,1849,3199.849,400120,226240,-1083810,-20873,11.222,swipe left
54.303,170.033,-865,152,631,1081.429,-260470,-151900,688450,5256,-115.73,swipe left
8.843,180,-159,0,1022,1034.294,7000,1330,-8120,5950,-171.157,swipe left
45.119,-5.233,1998,-183,1998,2831.518,-44380,163380,136360,17953,50.352,swipe left
104.042,135.976,-1998,1931,-695,2864.225,-7980,-120540,-545790,-6600,-31.934,swipe left
5.404,-176.566,-100,-6,1059,1063.727,28420,-66080,463960,21970,181.97,swipe left
9.451,-177.54,-163,-7,980,993.487,14630,3360,-51030,50830,186.991,swipe left
46.038,15.337,1998,548,1998,2878.248,-129500,189140,266980,5360,30.701,swipe left
108.374,120.462,-1044,1775,-684,2169.888,148190,-84630,-795970,-54032,-12.088,swipe left
4.533,146.534,-59,39,892,894.799,-50330,-149030,683550,54019,-142.001,swipe left
9.04,-164.589,-156,-43,1017,1029.793,210,-560,-3360,3230,173.629,swipe left
49.574,31.914,1991,1240,1998,3081.182,-161000,-74270,459480,53195,17.66,swipe left
47.327,22.729,1998,837,1997,2946.282,355670,228130,-1018920,-45246,24.598,swipe left
32.127,176.014,-488,34,779,919.859,-216300,-168560,644280,32348,-143.887,swipe left
18.959,-178.873,-305,-6,888,938.938,18270,29190,-36050,45368,197.832,swipe left
74.828,132.965,-1860,1997,740,2827.58,-276360,-178710,697340,10563,-58.137,swipe left
45.196,-6.708,1998,-235,1998,2835.354,339360,200690,-784490,-3230,51.904,swipe left
30.119,-174.805,-561,-51,971,1122.569,-92050,-49840,165900,-16327,204.924,swipe left
14.113,-172.903,-249,-31,998,1029.06,280,-4340,-4060,5755,187.016,swipe left
45.538,-11.072,1998,-391,1998,2852.523,49630,129430,-13790,20897,56.61,swipe left
104.584,135.014,-1998,1997,-735,2918.944,-61880,-80570,-498820,18038,-30.43,swipe left
12.521,16.609,352,105,1654,1694.297,45150,-71680,559860,9882,-4.088,swipe left
4.267,-141.458,-59,-47,1011,1013.81,5460,-1400,630,1902,145.725,swipe left
45.46,-10.241,1998,-361,1998,2848.566,-42140,149170,147210,6223,55.701,swipe left
92.235,88.451,54,1997,-78,1999.252,192010,3920,-854210,9682,3.784,swipe left
15.939,152.44,-297,155,1173,1219.902,-180670,-226520,814030,-3875,-136.501,swipe left
4.993,-156.297,-82,-36,1025,1028.904,3430,-1330,1470,-689,161.29,swipe left
50.776,55.941,918,1358,1338,2115.923,-148820,-70280,468720,37204,-5.165,swipe left
45.105,-4.92,1998,-172,1998,2830.828,252560,122780,-738640,10865,50.025,swipe left
53.362,176.501,-965,59,719,1204.851,-122990,-43190,323050,-3006,-123.139,swipe left
13.354,180,-245,0,1032,1060.683,3850,2170,-12460,10941,-166.646,swipe left
54.891,44.899,1997,1990,1982,3446.22,-223930,-92890,659540,-1019,9.992,swipe left
47.103,21.697,1998,795,1998,2935.308,461860,270340,-1192170,22935,25.406,swipe left
31.094,171.386,-647,98,1085,1267.058,-255220,-207130,616700,-6379,-140.292,swipe left
23.472,174.592,-412,39,953,1038.977,11550,13510,-38430,35542,-151.12,swipe left
46.348,17.448,1998,628,1998,2894.545,-124250,83860,304080,-12039,28.9,swipe left
85.445,29.685,1756,1001,161,2027.673,232680,-43680,-898660,20077,55.76,swipe left
47.003,173.508,-958,109,899,1318.273,-123410,-46760,674170,-10224,-126.505,swipe left
17.165,178.392,-285,8,923,966.032,9030,10500,-4970,6470,-161.227,swipe left
45.681,12.446,1998,441,1998,2859.805,-122780,65100,327740,25417,33.235,swipe left
93.195,124.936,-1395,1997,-136,2439.78,203070,5950,-880390,-27901,-31.741,swipe left
18.993,128.692,-173,216,804,850.294,-141400,-157640,672000,31015,-109.699,swipe left
9.753,-169.295,-164,-31,971,985.24,4410,12320,-25620,16216,179.048,swipe left
52.28,-4.464,1998,-156,1550,2533.542,-420,87010,-38990,28892,56.744,swipe left
56.243,135.014,-1998,1997,1888,3397.728,63210,39830,-412160,1882,-78.771,swipe left
19.243,5.302,528,49,1519,1608.895,-73850,-192990,552440,-32063,13.941,swipe left
2.114,-72.897,12,-39,1105,1105.753,9730,15890,-24080,24589,75.011,swipe left
45.044,3.208,1998,112,1998,2827.817,2450,164080,-79590,29978,41.836,swipe left
105.123,135.201,-1998,1984,-761,2916.741,-83300,-115430,-291200,-38311,-30.078,swipe left
35.455,-3.314,846,-49,1190,1460.895,65450,-106540,413140,26693,38.769,swipe left
16.477,169.039,-284,55,978,1019.884,560,30030,-53900,57500,-152.562,swipe left
54.22,43.889,1998,1922,1998,3417.322,-111440,-142100,627830,-436,10.331,swipe left
45.077,4.207,1998,147,1998,2829.419,294420,260470,-987490,-44951,40.87,swipe left
44.078,179.222,-884,12,913,1270.892,-183120,-154910,466410,33648,-135.144,swipe left
18.373,8.257,379,55,1153,1214.938,9800,28840,14350,-9966,10.116,swipe left
54.81,135.014,-1998,1997,1992,3456.599,-262710,-314720,1213240,-11084,-80.204,swipe left
39.882,-5.735,1593,-160,1916,2496.859,259700,286720,-1189230,14936,45.617,swipe left
18.508,-166.917,-284,-66,871,918.505,-11200,15330,14280,-13228,185.425,swipe left
14.315,146.25,-223,149,1051,1084.68,16520,22050,-52640,-22548,-131.935,swipe left
64.052,58.39,1229,1997,1141,2607.744,-173040,-100170,721700,22765,5.662,swipe left
45.008,-1.433,1998,-50,1998,2826.041,307230,157640,-939120,-42575,46.441,swipe left
36.124,-177.113,-476,-24,653,808.431,-146580,-66850,300650,15453,213.237,swipe left
17.548,152.119,-310,164,1109,1163.132,13090,22260,-81620,36244,-134.571,swipe left
52.406,39.584,1998,1652,1996,3271.868,-106680,-1190,453110,-6455,12.822,swipe left
60.365,16.266,1998,583,1184,2394.524,266140,65310,-814800,-19257,44.099,swipe left
52.667,173.99,-798,84,612,1009.16,-195370,-105910,532910,-17794,-121.323,swipe left
10.188,-176.775,-213,-12,1187,1206.019,-1050,-4970,17430,-15480,186.963,swipe left
50.977,11.431,1998,404,1652,2623.799,-68950,48930,181160,55451,39.546,swipe left
76.858,99.034,-263,1654,391,1719.815,138950,49000,-769090,-7096,-22.176,swipe left
4.988,-7.431,92,-12,1063,1067.041,-99260,-141400,652680,-4760,12.419,swipe left
7.282,-98.13,-18,-126,996,1004.099,4480,490,3080,-1014,105.412,swipe right
76.519,162.212,-1998,641,503,2157.751,-99890,-41370,-347480,36159,-85.693,swipe right
72.863,44.985,1998,1997,871,2956.121,245280,-103530,1232630,16537,27.878,swipe right
2.561,-39.522,40,-33,1159,1160.159,-133280,181230,-923300,-7633,42.083,swipe right
11.262,-25.651,177,-85,986,1005.36,350,1470,10080,6837,36.913,swipe right
62.975,140.381,-1998,1654,1323,2911.708,-191030,122360,-620130,15073,-77.406,swipe right
50.218,146.369,-1998,1329,1998,3122.538,437640,-335510,1526630,18888,-96.151,swipe right
4.056,-46.023,55,-57,1117,1119.804,-254030,258230,-933800,-6107,50.079,swipe right
3.751,-81.384,10,-66,1018,1020.186,7490,-8960,40880,40457,85.135,swipe right
62.62,44.985,1998,1997,1463,3181.254,-146370,173880,-1053920,4355,17.635,swipe right
40.575,179.024,-1644,28,1920,2527.829,137620,-77980,836850,-7068,-138.449,swipe right
10.893,-47.121,143,-154,1092,1112.038,-11760,-54600,127190,9079,58.014,swipe right
7.757,-92.544,-6,-135,992,1001.161,-770,4340,-5460,1341,100.301,swipe right
57.375,-166.925,-1998,-464,1313,2435.419,9520,-73920,223510,35634,224.3,swipe right
88.114,44.985,1998,1997,93,2826.422,-62580,19110,127260,-7035,43.129,swipe right
72.414,-166.149,-1740,-429,568,1879.964,39480,21420,-388430,21895,238.563,swipe right
6.986,-102.862,-29,-127,1063,1070.952,-1260,2030,22470,18969,109.848,swipe right
50.721,150.205,-1998,1144,1883,2974.294,-136500,116830,-588000,3385,-99.484,swipe right
52.148,116.691,-1004,1997,1737,2830.758,464310,-199850,1837290,24126,-64.543,swipe right
15.524,-6.905,289,-35,1048,1087.681,-314650,115150,-1278900,-22001,22.429,swipe right
19.047,-151.927,-315,-168,1034,1093.894,14560,-32130,34580,49318,170.974,swipe right
60.008,135,-1997,1997,1630,3260.815,-134820,130480,-854490,-46922,-74.992,swipe right
75.835,79.864,357,1997,512,2092.271,353500,-219380,1577800,57178,-4.029,swipe right
11.571,-122.005,-130,-208,1198,1222.852,-261730,167160,-727720,-2748,133.576,swipe right
8.921,-79.534,29,-157,1017,1029.455,70,4970,-1610,-1837,88.455,swipe right
50.225,-170.963,-1572,-250,1325,2071.064,-15890,-8400,196490,39967,221.188,swipe right
100.645,44.985,1998,1997,-531,2874.364,-355530,-196070,-774900,-30094,55.66,swipe right
55.95,-166.375,-1477,-358,1027,1834.236,414470,198940,507150,26067,222.325,swipe right
10.657,-56.929,84,-129,818,832.358,-55020,19530,45640,-11150,67.586,swipe right
9.256,-21.014,164,-63,1078,1092.222,6860,-6580,93030,29712,30.27,swipe right
69.29,89.454,19,1997,755,2135.039,-192640,140420,-838460,-6238,-20.164,swipe right
49.357,149.137,-1998,1194,1998,3067.514,453390,-236110,1816570,9513,-99.78,swipe right
18.749,-156.926,-277,-118,887,936.708,-276920,125160,-1068830,-16745,175.675,swipe right
7.907,-68.198,52,-130,1008,1017.677,2520,-1890,5810,5180,76.105,swipe right
47.47,-170.537,-1998,-333,1858,2748.646,-26530,-93450,-76790,34045,218.007,swipe right
76.178,44.985,1998,1997,695,2909.13,61950,-21350,-439180,-6155,31.193,swipe right
25.888,-145.421,-589,-406,1474,1638.423,-33460,163100,473760,16213,171.309,swipe right
14.159,-154.405,-238,-114,1046,1078.775,10920,-20300,103530,56979,168.564,swipe right
70.036,55.901,1352,1997,876,2565.791,-176610,147420,-1132950,-3969,14.135,swipe right
45.001,-179.34,-1998,-23,1998,2825.692,190330,30030,1016190,-6288,224.341,swipe right
12.51,-114.012,-94,-211,1041,1066.319,-6370,-840,490,2387,126.522,swipe right
50.762,-177.778,-1598,-62,1306,2064.723,-5670,-23240,264670,42258,228.54,swipe right
56.85,44.985,1998,1997,1845,3374.023,-245700,-97650,-1305290,5617,11.865,swipe right
20.823,-128.887,-271,-336,1135,1214.315,270200,115220,839860,-9262,149.71,swipe right
9.275,-51.766,104,-132,1029,1042.631,700,-1890,23800,23696,61.041,swipe right
55.674,153.757,-1998,985,1521,2697.344,-48580,38360,-559860,30894,-98.083,swipe right
89.206,45.187,1984,1997,39,2815.277,479430,-34300,1565130,-19498,44.019,swipe right
45.7,-161.472,-925,-310,952,1363.095,-440300,22890,-983780,15068,207.172,swipe right
8.104,-101.702,-29,-140,1004,1014.128,-490,1750,4340,3591,109.806,swipe right
55.229,-175.706,-1998,-150,1391,2439.136,-13720,-420,-172340,50795,230.935,swipe right
114.258,44.985,1998,1997,-1273,3098.474,69090,-68110,1183000,-2831,69.273,swipe right
31.934,-146.125,-429,-288,829,976.844,-76160,115640,-1024170,-11688,178.059,swipe right
3.366,-152.152,-53,-28,1019,1020.761,5530,0,-2590,-1578,155.518,swipe right
59.884,-177.535,-1998,-86,1160,2311.925,-83720,-115080,-187250,19967,237.419,swipe right
80.256,49.944,1679,1997,448,2647.216,224420,137900,928480,36321,30.312,swipe right
9.657,176.463,-178,11,1048,1063.065,-113470,-17710,-761600,-28464,-166.806,swipe right
3.015,-48.179,34,-38,968,969.342,-980,5110,17360,16005,51.194,swipe right
45.128,-174.567,-1998,-190,1998,2831.979,-41580,-73780,-158060,2947,219.695,swipe right
85.567,44.985,1998,1997,219,2833.367,145390,113610,843920,27549,40.582,swipe right
14.003,20.746,198,75,849,875.002,-114100,-30940,-812210,6217,-6.743,swipe right
2.754,-103.448,-11,-46,983,984.137,350,3920,10500,9755,106.202,swipe right
47.066,179.028,-1769,30,1646,2416.521,16310,-10640,168490,49048,-131.962,swipe right
93.14,44.985,1998,1997,-155,2829.14,26530,-3360,141050,-45686,48.155,swipe right
50.111,-168.154,-1130,-237,965,1504.757,-43260,-11130,-366310,28905,218.265,swipe right
3.058,-88.919,1,-53,992,993.415,-1680,5670,8190,7046,91.977,swipe right
57.834,-171.966,-1998,-282,1269,2383.671,-78190,-22820,100100,35215,229.8,swipe right
78.079,65.312,918,1997,464,2246.336,253960,-21350,762790,-23030,12.767,swipe right
6.735,-150.561,-101,-57,982,988.824,-181650,31220,-932050,32256,157.296,swipe right
2.793,-46.735,32,-34,957,958.138,3640,3360,20510,20863,49.528,swipe right
59.033,142.323,-1563,1207,1185,2303.05,-123270,-62790,-624260,24667,-83.29,swipe right
52.317,140.568,-1998,1643,1998,3268.555,365120,95550,1622530,-6625,-88.251,swipe right
4.63,-126.326,-50,-68,1042,1045.412,-231980,-15400,-1033060,-15865,130.956,swipe right
8.859,117.631,-78,149,1079,1092.028,-13790,38290,119560,20007,-108.772,swipe right
54.728,44.985,1998,1997,1998,3460.06,-32270,291270,-1375430,28368,9.743,swipe right
35.646,-169.041,-878,-170,1247,1534.533,55230,-387730,1149960,-51108,204.687,swipe right
13.905,-12.757,212,-48,878,904.506,-24080,71120,94570,9754,26.662,swipe right
3.901,-92.526,-3,-68,998,1000.318,7000,10220,19950,20835,96.427,swipe right
55.04,166.274,-1998,488,1438,2509.58,-57190,12810,-391230,7729,-111.234,swipe right
55.14,117.554,-1042,1997,1569,2745.092,294350,-45990,1362620,15890,-62.414,swipe right
4.334,-139.685,-66,-56,1142,1145.275,-227570,36750,-989240,-32356,144.019,swipe right
9.318,-171.078,-172,-27,1061,1075.19,-11620,19460,21980,29310,180.396,swipe right
54.728,44.985,1998,1997,1998,3460.06,-55650,32480,-1070790,24731,9.743,swipe right
2.029,108.434,-16,48,1428,1428.896,181440,-131950,713650,-2607,-106.405,swipe right
7.173,-52.171,66,-85,855,861.745,-112700,73640,353220,-33319,59.344,swipe right
6.271,-139.844,-96,-81,1143,1149.88,-10500,-5180,136710,17544,146.115,swipe right
65.022,165.815,-1998,505,960,2273.461,-29470,-123060,-402850,-41740,-100.793,swipe right
66.312,122.167,-1256,1997,1035,2576.192,201950,-2170,1797670,40960,-55.855,swipe right
15.789,9.283,312,51,1118,1161.838,-98700,156730,-1515080,-43599,6.506,swipe right
13.582,154.663,-245,116,1122,1154.281,-2380,-3710,84770,35623,-141.081,swipe right
48.909,60.649,1123,1997,1998,3039.924,-59430,314510,-1343650,-19653,-11.74,swipe right
98.137,-172.755,-1998,-254,-288,2034.567,-35770,-204190,1088010,15873,270.892,swipe right
9.234,-140.305,-153,-127,1223,1239.058,104860,-112280,150010,-49241,149.539,swipe right
6.162,-122.932,-57,-88,971,976.644,11900,11900,13860,13555,129.094,swipe right
40.15,-177.158,-1370,-68,1626,2127.298,-66360,94640,230300,42256,217.308,swipe right
91.762,77.273,451,1997,-63,2048.262,-159950,-449890,997710,-51613,14.489,swipe right
23.831,-156.214,-270,-119,668,730.263,237860,351890,-1227520,13958,180.045,swipe right
8.178,-130.471,-93,-109,997,1007.243,10850,1400,3150,4869,138.649,swipe right
60.672,-165.384,-1998,-521,1160,2368.342,-30660,99540,-84490,38248,226.056,swipe right
72.429,131.244,-1751,1997,841,2785.909,173530,-157780,1320550,-25090,-58.815,swipe right
7.426,-147.075,-122,-79,1115,1124.433,-116760,60060,-1219610,16972,154.501,swipe right
7.543,-157.166,-114,-48,934,942.154,-18060,33670,20230,38411,164.709,swipe right
52.526,-172.472,-1279,-169,989,1625.583,-12460,-11340,71470,-34527,224.998,swipe right
55.361,49.659,1696,1997,1810,3184.419,-56280,229810,-1377950,24331,5.702,swipe right
40.054,162.963,-545,167,678,885.775,144760,-341950,818300,-31440,-122.909,swipe right
5.031,-101.821,-18,-86,998,1001.86,8820,-2170,29890,27375,106.852,swipe right
65.571,-168.541,-1998,-405,926,2239.085,-31360,-26670,-24220,1885,234.112,swipe right
54.728,44.985,1998,1997,1998,3460.06,-8820,313320,-355110,7257,9.743,swipe right
42.477,-3.257,1107,-63,1211,1641.931,-9100,-302190,354480,2728,45.734,swipe right
4.965,3.077,93,5,1072,1076.038,2660,5950,54950,-6842,1.888,swipe right
53.562,-177.993,-1998,-70,1476,2485.051,-153650,5390,-311010,28483,231.555,swipe right
69.746,101.133,-393,1997,751,2169.437,157500,-166250,1770370,7375,-31.387,swipe right
54.668,-165.221,-652,-172,478,826.542,-7980,182700,-1453130,-3330,219.889,swipe right
17.434,-167.275,-310,-70,1012,1060.728,-3150,32900,27370,19073,184.709,swipe right
55.498,-179.341,-1740,-20,1196,2111.496,14770,-17150,-305340,23327,234.839,swipe right
71.526,51.123,1610,1997,857,2704.543,-12950,97510,1766730,-34895,20.403,swipe right
63.95,-168.781,-600,-119,299,680.853,-33880,-56560,-1359540,35929,232.731,swipe right
4.495,-81.674,12,-82,1054,1057.253,-2450,-490,-2170,-1662,86.169,swipe right
38.84,178.028,-1162,40,1444,1853.909,-28420,18130,131180,51562,-139.188,swipe right
54.755,44.985,1998,1997,1996,3458.905,77630,514920,-1669430,-31228,9.77,swipe right
28.494,11.777,753,157,1417,1612.311,182000,-517650,1171730,31226,16.717,swipe right
18.759,-174.207,-345,-35,1021,1078.281,4970,17290,39270,35527,192.966,swipe right
90.045,127.167,-1514,1997,-2,2506.034,-235340,-133560,-921270,-45825,-37.122,swipe right
116.299,171.479,-1949,292,-974,2198.304,60620,52640,374990,13515,-55.18,swipe right
5.95,-71.35,27,-80,810,814.388,178990,60690,494060,-2456,77.3,swipe right
18.933,179.373,-366,4,1067,1128.034,-13230,21140,49420,17026,-160.44,swipe right
64.452,154.173,-1998,967,1061,2460.246,-81900,-190680,-528640,16421,-89.721,swipe right
54.728,135.014,-1998,1997,1998,3460.06,212800,-185360,2227820,5338,-80.286,swipe right
9.028,-152.525,-150,-78,1064,1077.348,-116480,357630,-1787660,-40720,161.553,swipe right
7.804,-178.09,-180,-6,1314,1326.285,-70490,65940,41230,42808,185.894,swipe right
81.686,143.12,-1998,1499,365,2524.327,8680,-80780,-692510,-35458,-61.434,swipe right
54.728,135.014,-1998,1997,1998,3460.06,-12320,-129430,2331420,-7002,-80.286,swipe right
4.885,-48.048,80,-89,1400,1405.105,92050,154210,-1738380,29103,52.933,swipe right
34.471,-171.469,-700,-105,1031,1250.594,-3010,56630,55930,28780,205.94,swipe right
89.349,109.06,-690,1997,24,2112.98,-99610,-207550,-1033480,20266,-19.711,swipe right
83.813,171.488,-1998,299,219,2032.084,-87710,268030,776160,-41262,-87.675,swipe right
8.471,-125.803,-88,-122,1010,1021.14,176610,-100310,182070,2303,134.274,swipe right
27.305,-169.026,-557,-108,1099,1236.816,0,6230,-53130,1689,196.331,swipe right
79.272,120.156,-1119,1926,422,2267.095,-148750,-162190,-730450,29192,-40.884,swipe right
56.421,138.318,-1998,1779,1776,3211.077,-257460,182070,1856820,-19750,-81.897,swipe right
5.282,-58.94,53,-88,1111,1115.739,412300,-48510,-1188530,3360,64.222,swipe right
2.883,-134.236,-37,-38,1053,1054.334,-5180,10850,30660,32376,137.119,swipe right
60.454,-175.507,-1998,-157,1136,2303.725,-59150,16380,-147280,-33646,235.961,swipe right
82.557,44.985,1998,1997,369,2848.889,-114170,229250,-503440,22028,37.572,swipe right
56.289,15.759,1467,414,1017,1832.422,432530,-145670,7630,-10690,40.53,swipe right
37.445,-175.914,-854,-61,1118,1408.176,-10500,37030,81410,8218,213.359,swipe right
97.407,126.263,-1465,1997,-322,2497.582,-213640,-289800,-1142260,4266,-28.856,swipe right
79.108,174.852,-1998,180,386,2042.89,-27510,291690,1056440,-5449,-95.744,swipe right
5.363,-136.292,-68,-65,1002,1006.406,243810,-58310,-22890,-22078,141.655,swipe right
9.083,-64.622,44,-192,1024,1042.773,-2310,-2590,1050,3334,73.705,swipe right
56.439,173.518,74,-156,1080,1093.714,-1750,12600,21280,17284,-117.079,swipe right
54.092,132.996,-1998,227,1334,2413.107,-71540,-16660,-324870,108,-78.904,swipe right
22.711,-163.907,-1862,1997,1977,3370.991,599830,-313880,2380770,29150,186.618,swipe right
12.017,-78.572,-41,-200,1021,1041.211,2800,-5250,6440,7389,90.589,swipe right
38.036,-166.26,38,-188,901,921.188,490,13790,20650,14713,204.296,swipe right
61.303,45,-1092,-267,1437,1824.478,-5670,-70980,30660,33433,16.303,swipe right
54.018,150.374,1997,1997,1546,3219.648,-254660,353570,-1197420,-12972,-96.356,swipe right
23.866,-165.395,147,-166,925,951.204,700,-6300,22120,22084,189.261,swipe right
78.542,121.358,-426,-111,995,1088.035,18830,-19670,68670,11086,-42.816,swipe right
52.201,171.012,-1217,1997,474,2386.163,-425390,-65380,-1004080,-3066,-118.811,swipe right
10.68,-129.068,-1998,316,1569,2560.004,224210,84770,916580,29385,139.748,swipe right
21.139,-13.626,18,-160,980,993.138,-1190,840,350,75,34.765,swipe right
55.364,132.304,363,-88,966,1035.697,3010,9310,6510,6309,-76.94,swipe right
61.698,-177.486,-1751,1924,1797,3161.801,-111720,-22960,-783440,13484,239.184,swipe right
3.097,-111.63,-1731,-76,933,1967.898,87570,-1680,1066520,6770,114.727,swipe right
14.612,-22.947,-72,-227,994,1022.129,-10430,-29330,-18130,-23710,37.559,swipe right
54.728,44.985,248,-105,1033,1067.528,13020,-14420,29050,34685,9.743,swipe right
63.26,-158.997,1998,1997,1998,3460.06,-79170,385420,-901670,-20396,222.257,swipe right
14.777,-120.439,-1740,-668,939,2086.994,62440,-394030,912870,31395,135.216,swipe right
9.233,-75.712,-3,-180,1002,1018.043,-1050,1890,3290,982,84.945,swipe right
47.18,164.316,41,-161,1022,1035.415,-4200,-5600,-6090,3099,-117.136,swipe right
52.08,141.172,-1998,561,1923,2829.249,-96810,-330610,478940,46277,-89.092,swipe right
39.446,-163.359,-1998,1608,1998,3251.103,189000,281120,574280,7486,202.805,swipe right
7.025,-100.474,-33,-143,1012,1022.585,-770,-23590,-9170,-14988,107.499,swipe right
49.336,-169.972,-22,-119,982,989.428,-13650,1540,3360,-1015,219.308,swipe right
60.879,77.383,-1708,-302,1490,2286.606,-40600,51590,124810,31863,-16.504,swipe right
26.847,-133.069,447,1997,1140,2342.523,152950,-61530,955710,8814,159.916,swipe right
13.319,-13.278,0,-165,998,1011.547,-910,2240,2240,-107,26.597,swipe right
88.521,82.356,250,-59,1085,1114.991,-3780,3780,39060,37416,6.165,swipe right
95.149,166.735,268,1997,52,2015.573,-214270,12460,-975870,-34284,-71.586,swipe right
14.078,-44.515,-1998,471,-185,2061.084,16730,149660,489160,31070,58.593,swipe right
34.432,-3.096,20,-195,994,1013.144,-490,420,3010,1461,37.528,swipe right
56.397,44.985,536,-29,783,949.329,-15120,34090,116340,48027,11.412,swipe right
18.789,-30.672,1998,1997,1877,3391.628,-363650,291760,-1196930,-15742,49.461,swipe right
14.151,-89.449,290,-172,991,1046.787,501900,-348600,740670,25748,103.6,swipe right
10.762,-57.211,37,-180,975,992.166,-210,1190,1050,-48,67.973,swipe right
45.457,169.786,105,-163,1020,1038.264,2030,-3500,-980,1380,-124.329,swipe right
54.728,135.014,-1998,360,1998,2848.439,-278460,-19740,-485730,50094,-80.286,swipe right
4.946,-124.67,-1998,1997,1998,3460.06,528430,-206920,1908830,-31473,129.616,swipe right
10.338,-64.668,103,-177,975,996.274,-3010,1260,2590,1441,75.006,swipe right
74.997,45.682,80,-169,1025,1041.914,-2520,-910,8540,8755,29.315,swipe right
88.202,175.073,1950,1997,748,2889.638,-89180,328020,-1289120,21050,-86.871,swipe right
20.155,-38.181,-1810,156,57,1817.604,140000,-373310,945350,16520,58.336,swipe right
15.443,-26.473,-41,-183,1012,1029.229,-4340,-2310,4690,5820,41.916,swipe right
52.602,-169.917,251,-125,1015,1053.019,2940,1890,5670,2118,222.519,swipe right
114.342,44.985,-1794,-319,1393,2293.609,-47040,20720,-115010,15072,69.357,swipe right
50.122,-150.888,1998,1997,-1278,3100.531,119350,-171850,903350,16699,201.01,swipe right
18.205,-26.565,113,-194,985,1010.262,-3010,3500,-2730,-2192,44.77,swipe right
90.509,99.159,298,-149,1013,1066.383,-4480,-7700,47810,47461,-8.65,swipe right
91.041,158.674,-322,1997,-18,2022.873,-260960,155960,-977550,678,-67.633,swipe right
13.63,-32.554,-1998,780,-39,2145.209,-57820,-10990,444920,-25586,46.184,swipe right
11.669,-75.77,36,-199,1011,1031.027,980,2450,4130,1963,87.439,swipe right
63.316,159.224,53,-209,1044,1066.032,-3010,3150,4760,4363,-95.908,swipe right
54.728,135.014,-1998,758,1074,2391.661,-128800,-52500,-381430,14539,-80.286,swipe right
20.782,-156.314,-1998,1997,1998,3460.06,603540,-171500,2271500,5139,177.096,swipe right
16.911,-43.197,36,-209,1006,1028.111,-2030,-70,5180,4479,60.108,swipe right
47.383,-166.953,213,-200,961,1004.435,-2800,8680,2660,3588,214.336,swipe right
78.553,44.985,-1998,-463,1887,2786.959,-18410,-59570,81550,46647,33.568,swipe right
42.687,-159.474,1998,1997,572,2882.22,-177100,101850,-865270,3081,202.161,swipe right
25.416,-164.97,-21,-187,1020,1037.212,1190,770,10150,9948,190.386,swipe right
53.759,100.307,-581,-156,1266,1401.66,16170,-3290,114800,-2724,-46.548,swipe right
65.537,159.727,-363,1996,1487,2515.343,-191520,254660,-807100,18605,-94.19,swipe right
9.738,-131.451,-1998,738,969,2340.001,-208600,-350280,614460,4955,141.189,swipe right
13.345,-112.19,-3,-176,1008,1023.254,-3990,2240,-2030,-714,125.535,swipe right
71.589,132.734,-93,-228,1038,1066.806,-7000,-28000,560,24687,-61.145,swipe right
45.111,174.937,-1845,1997,905,2865.494,-391650,149450,-775950,26901,-129.826,swipe right
8.573,-76.056,-1998,177,1998,2831.136,481110,-408240,1369060,-1885,84.629,swipe right
8.838,-54.504,-16,-201,1006,1026.008,70,2590,3780,1797,63.342,swipe right
79.422,138.466,92,-129,1019,1031.244,-12950,-18760,50540,55327,-59.044,swipe right
74.862,167.799,-1812,1605,452,2462.452,-204050,98140,-692300,-35890,-92.937,swipe right
21.678,-12.795,-1998,432,553,2117.648,-137900,-193620,679840,-14451,34.473,swipe right
20.047,-157.115,35,-192,1020,1038.503,840,70,-5110,-4553,177.162,swipe right
63.25,102.507,-353,-149,1050,1117.725,-12040,-5390,105490,5823,-39.257,swipe right
94.21,155.638,-443,1997,1031,2290.68,-113190,98770,-904820,9374,-61.428,swipe right
32.499,-15.415,-1992,902,-161,2192.621,-205380,89880,221410,5888,47.914,swipe right
8.078,-86.775,-57,-195,984,1004.753,1750,-2100,5390,3299,94.853,swipe right
59.341,148.237,8,-142,1002,1012.043,4060,350,37450,35666,-88.896,swipe right
54.478,135.55,-1998,1237,1393,2731.78,-88550,-12600,-617540,9498,-81.072,swipe right
21.834,-13.125,-1998,1960,1998,3438.838,247240,-494620,2281440,-9857,34.959,swipe right
13.238,-30.757,86,-152,960,975.756,4200,-1680,1400,-712,43.995,swipe right
55.433,146.23,205,-122,1014,1041.683,14070,-1190,54250,54430,-90.797,swipe right
54.728,135.014,-1998,1336,1656,2918.772,-175840,-5250,-481950,-43109,-80.286,swipe right
25.877,0.381,-1998,1997,1998,3460.06,697900,-719250,2713900,16794,25.496,swipe right
4.798,-88.025,41,-99,1048,1053.463,4060,-1890,5810,6037,92.823,swipe right
46.482,-178.337,3,-87,1037,1040.647,-210,1820,25200,24396,224.819,swipe right
74.429,82.723,-1998,-58,1898,2756.405,-145250,21420,15610,8090,-8.294,swipe right
23.308,-173.215,255,1997,561,2089.917,150780,-253470,1660960,16487,196.523,swipe right
6.989,150.983,98,-134,999,1012.699,-280,-420,7770,6840,-143.994,swipe right
86.433,95.321,-128,71,1194,1202.938,210,12950,175420,13064,-8.888,swipe right
55.919,176.705,-186,1997,125,2009.534,-329000,40040,-1503320,14281,-120.786,swipe right
19.194,-16.389,-1998,115,1354,2416.308,227150,-87850,1268960,-1544,35.583,swipe right
66.907,26.713,-44,-115,990,997.627,1400,70,2940,1823,40.194,swipe right
62.413,44.985,1389,699,663,1690.411,-84420,64750,292670,33913,17.428,swipe right
62.3,-168.101,1998,1997,1476,3187.254,109550,183330,-1266370,-11548,230.401,swipe right
9.354,-76.877,-1998,-421,1072,2306.171,-19180,-296520,1057630,17032,86.231,swipe right
8.354,-79.522,-18,-160,996,1008.93,-1610,630,-490,-727,87.876,swipe right
43.86,-175.421,27,-146,1011,1021.844,1260,910,1050,-255,219.281,swipe right
87.83,44.985,-1798,-144,1877,2603.203,-23310,-4060,283360,24035,42.845,swipe right
28.879,-148.363,1998,1997,107,2826.917,-96810,69860,188720,28552,177.242,swipe right
7.937,-119.693,-96,-116,1010,1021.162,3990,-1050,1680,2206,127.63,swipe right
45.13,-174.539,-69,-121,999,1008.663,-3640,-2520,3710,3549,219.669,swipe right
69.922,84.735,-1998,-191,1998,2832.046,-60130,-174090,327950,36812,-14.813,swipe right
35.705,-149.595,184,1997,733,2135.217,51240,113820,430500,12251,185.3,swipe right
11.785,-23.019,3,-121,989,996.378,-8960,1540,16170,14929,34.804,swipe right
102.422,88.766,193,-82,1005,1026.644,-2170,5460,16590,16485,13.656,swipe right
74.853,-161.901,43,1997,-440,2045.35,-114240,89460,-987980,26559,236.754,swipe right
23.102,-10.594,-1998,-653,569,2177.653,50820,-153650,1172570,-25037,33.696,swipe right
9.687,-92.694,-46,-183,1020,1037.306,-2100,5180,2590,-3003,102.381,swipe right
26.173,-176.045,-8,-170,997,1011.421,-1260,-2730,7700,8026,202.218,swipe right
68.971,44.985,-810,-56,1652,1840.744,-980,-11340,181160,37039,23.986,swipe right
60.059,-159.143,1998,1997,1086,3026.451,-289660,-40390,-758310,5939,219.202,swipe right
41.094,-159.496,-238,-216,967,1019.013,-4970,-1750,6160,6573,200.59,swipe right
71.033,140.964,-714,-267,874,1159.724,6790,-840,-140,-671,-69.931,swipe right
54.728,135.014,-1998,1620,884,2719.9,-119490,18200,-771680,11882,-80.286,swipe right
3.356,-67.067,-1998,1997,1998,3460.06,458640,-129850,2328900,1610,70.423,swipe right
20.652,-7.567,45,-168,1020,1034.721,-7070,-8680,-560,-1802,28.219,swipe right
57.726,44.985,414,-55,1108,1184.096,13230,-3080,64960,25042,12.741,swipe right
16.129,-9.483,1998,1997,1784,3341.058,-166880,527660,-1539720,20344,25.612,swipe right
24.57,-28.972,431,-72,1511,1572.916,254450,-416360,1078560,-6061,53.542,swipe right
10.427,-90.629,106,-143,968,984.23,2660,-4620,20790,21005,101.056,swipe right
97.981,94.808,-2,-182,989,1005.608,-6300,7140,-20020,-19224,3.173,swipe right
102.013,176.477,-168,1997,-281,2023.658,-229740,124390,-1125740,23819,-74.464,swipe right
37.317,-12.127,-1998,123,-426,2046.609,57050,5530,733670,16013,49.444,swipe right
2.863,2.96,-11,-203,981,1001.843,-1960,1820,7350,6035,-0.097,swipe right
54.728,44.985,58,3,1161,1162.451,-13790,19320,109060,33056,9.743,swipe right
18.61,-58.355,1998,1997,1998,3460.06,186130,110740,-1421700,19803,76.965,swipe right
12.985,-86.149,212,-344,1200,1266.206,-143990,-107100,1280370,-19968,99.134,swipe right
19.261,-140.557,37,-188,1015,1032.926,4410,490,8400,7751,159.818,swipe right
54.716,-165.66,-265,-218,982,1040.227,910,-22190,-280,14527,220.376,swipe right
59.56,44.985,-1643,-420,1200,2077.462,-29400,-15820,8330,23833,14.575,swipe right
33.049,-122.244,1998,1997,1660,3276.524,-112420,131040,-169680,-21087,155.293,swipe right
11.615,-97.666,-30,-203,997,1017.898,-630,1680,5460,798,109.281,swipe right
53.884,-173.574,-28,-208,1021,1042.347,420,-3990,17780,17828,227.458,swipe right
54.728,44.985,-1998,-225,1467,2488.918,-58520,-62720,117880,21264,9.743,swipe right
59.626,-11.855,1998,1997,1998,3460.06,61530,477400,-1959370,-14228,71.481,swipe right
10.603,-103.671,20,-176,1013,1028.37,2030,3360,-910,-2695,114.274,swipe right
51.382,-173.758,-45,-185,1017,1034.668,-3010,-140,5740,5951,225.14,swipe right
62.901,46.275,-1975,-216,1587,2542.803,20650,-60270,182770,40814,16.626,swipe right
31.75,23.055,1910,1997,1414,3104.111,-234850,245000,-1311730,-14475,8.695,swipe right
12.044,-34.121,-19,-203,988,1008.818,-350,3850,-3850,-5243,46.165,swipe right
67.957,110.458,183,-124,1036,1059.321,-1050,-1120,51380,50753,-42.501,swipe right
54.728,135.014,-745,1997,863,2299.522,-100100,50330,-811930,-6102,-80.286,swipe right
19.349,-28.363,-1998,1997,1998,3460.06,311640,-620620,2650620,-18296,47.712,swipe right
7.488,-65.907,26,-201,985,1005.635,-1540,-840,4340,2965,73.395,swipe right
51.895,60.409,55,-123,1025,1033.817,23170,-13440,95270,37827,-8.514,swipe right
85.146,151.996,1134,1997,1801,2918.486,-194110,264180,-1030750,4406,-66.85,swipe right
31.917,-14.538,-1903,1012,183,2163.109,-99190,24710,255990,-38230,46.455,swipe right
5.168,-95.024,-8,-91,1010,1014.122,-280,1890,-350,-1548,100.192,swipe right
26.313,43.405,517,489,1439,1605.344,1260,490,14700,13408,-17.092,swipe right
92.938,44.985,1998,1997,-145,2828.61,40810,34300,201530,41292,47.953,swipe right
24.331,-178.861,-453,-9,1002,1099.679,-63490,4200,80220,-22611,203.192,swipe right
31.547,23.953,565,251,1007,1181.64,-2310,-840,5110,4682,7.594,swipe right
70.593,95.69,-199,1997,707,2127.782,-21630,54880,123620,3921,-25.097,swipe right
17.367,-143.925,-431,-314,1705,1786.443,100800,21070,-1309630,35128,161.292,swipe right
6.208,-77.799,24,-111,1044,1050.158,11620,-188790,1027040,-36145,84.007,swipe right
4.406,-90,0,-83,1077,1080.193,2100,2590,16380,15512,94.406,swipe right
70.263,150.574,-1998,1127,823,2437.101,-7630,20860,44240,2156,-80.311,swipe right
65.252,120.917,-1196,1997,1073,2563.153,-46200,-12810,-707070,1837,-55.665,swipe right
2.296,-63.824,29,-59,1639,1640.317,136430,-108710,1802220,7704,66.12,swipe right
5.684,-35.986,84,-61,1043,1048.153,1680,-3640,8680,8122,41.67,swipe right
87.675,117.033,-1019,1997,91,2243.802,-10220,-14070,36960,40822,-29.358,swipe right
127.551,-169.73,-1998,-362,-1561,2561.204,3500,21770,-1102010,-11016,297.281,swipe right
12.448,-17.47,251,-79,1192,1220.698,-112490,-58380,896560,8901,29.918,swipe right
8.572,-15.19,151,-41,1038,1049.726,140,2030,6370,3996,23.762,swipe right
109.114,149.095,-1998,1196,-807,2464.481,-4410,8400,41860,41587,-39.981,swipe right
54.728,135.014,-1998,1997,1998,3460.06,-104720,-21560,-707000,13019,-80.286,swipe right
11.177,-167.408,-291,-65,1509,1538.176,314790,-56560,1946420,-2813,178.585,swipe right
4.706,-107.354,-25,-80,1018,1021.444,140,1470,910,-486,112.06,swipe right
72.072,159.525,-1998,746,690,2241.566,-10920,7840,21420,23753,-87.453,swipe right
55.963,135.014,-1998,1997,1908,3408.882,-103740,-35210,-549570,18137,-79.051,swipe right
12.693,-167.952,-328,-70,1489,1526.304,375690,-89810,1872640,16215,180.645,swipe right
7.214,52.487,76,99,986,993.867,-7700,3150,22050,21751,-45.273,swipe right
49.846,83.713,220,1997,1695,2628.58,-21980,37450,112140,36352,-33.867,swipe right
77.84,179.142,-1536,23,331,1571.427,123060,99470,-1291920,-4260,-101.302,swipe right
21.657,4.444,386,30,975,1049.057,79310,-297430,799470,-22523,17.213,swipe right
5.69,-121.059,-53,-88,1031,1036.105,140,70,630,288,126.749,swipe right
64.222,147.742,-1998,1261,1141,2623.739,-1890,140,4760,3913,-83.52,swipe right
49.595,148.341,-1998,1232,1998,3082.504,-127050,-42980,-735210,38883,-98.746,swipe right
21.904,11.853,486,102,1235,1331.099,187390,-71120,1861790,8445,10.051,swipe right
32.182,179.54,-623,5,990,1169.723,4760,2660,17500,15398,-147.358,swipe right
52.09,53.364,1485,1997,1938,3154.215,-12880,103040,108080,18829,-1.274,swipe right
111.784,144.017,-982,713,-485,1306.873,42630,356020,-1843800,7363,-32.233,swipe right
6.588,-116.565,-50,-100,968,974.435,-2520,-980,7490,6925,123.153,swipe right
61.496,179.655,-1998,12,1085,2273.625,-15260,25830,58450,22567,-118.159,swipe right
96.755,121.692,-1233,1997,-278,2363.383,-14980,-30520,-254590,7451,-24.937,swipe right
8.626,-140.691,-160,-131,1363,1378.597,-56770,-527240,2244620,-31044,149.317,swipe right
2.612,-110.282,-17,-46,1075,1076.118,0,-1470,3850,2635,112.894,swipe right
52.15,-171.569,-1842,-273,1447,2358.241,-3570,8400,34440,32512,223.719,swipe right
60.734,44.985,1998,1997,1583,3238.194,-20230,45570,131810,5066,15.749,swipe right
31.989,12.961,630,145,1035,1220.307,-502250,160230,647010,1258,19.028,swipe right
12.653,-178.169,-219,-7,976,1000.292,-560,5250,16310,15236,190.822,swipe right
76.96,151.606,-1998,1080,526,2331.325,-12320,45080,104370,8433,-74.646,swipe right
80.12,135.014,-1998,1997,492,2867.416,-32830,-3500,-635600,21285,-54.894,swipe right
37.358,-166.012,-823,-205,1111,1397.739,120330,-353430,2100000,13507,203.37,swipe right
8.678,-16.699,150,-45,1026,1037.882,-1050,210,17570,15126,25.377,swipe right
54.818,-170.761,-1998,-325,1427,2476.682,4900,-2800,43120,43406,225.579,swipe right
55.506,44.985,1998,1997,1941,3427.461,-86520,60480,-18830,-8479,10.521,swipe right
12.918,-171.906,-218,-31,960,984.928,-377440,475720,-373030,-41943,184.824,swipe right
42.772,-174.067,-1049,-109,1140,1553.023,11550,3430,22610,23088,216.839,swipe right
59.217,66.725,859,1997,1295,2530.398,-23940,-770,52780,-26315,-7.508,swipe right
65.035,150.378,-1998,1136,1070,2535.231,-64750,-22540,-924770,-6467,-85.343,swipe right
11.269,-114.943,-80,-172,952,970.715,-394030,-191170,1530760,3153,126.212,swipe right
37.131,-175.489,-862,-68,1142,1432.421,560,14210,35140,34814,212.62,swipe right
51.385,57.037,1295,1997,1901,3046.117,-23590,-12460,72660,-24950,-5.652,swipe right
45.163,9.721,1932,331,1949,2764.197,-226660,110110,-1292970,3466,35.442,swipe right
10.58,-23.552,156,-68,911,926.758,501130,-105000,566650,25214,34.132,swipe right
31.249,-167.18,-668,-152,1129,1320.594,-7280,17780,35280,-15492,198.429,swipe right
53.282,171.164,-1248,194,942,1575.596,-7560,-15120,-47880,11593,-117.882,swipe right
54.144,118.16,-1069,1997,1637,2794.734,-63350,-92680,-345870,36457,-64.016,swipe right
9.463,-13.746,233,-57,1439,1458.855,301140,317170,2422210,3519,23.209,swipe right
7.064,-126.96,-76,-101,1020,1027.802,2100,1890,5950,4095,134.024,swipe right
41.956,-171.16,-1106,-172,1245,1674.169,-35490,12110,43260,47752,213.116,swipe right
71.869,44.985,1998,1997,925,2972.48,26740,-17360,-53970,-51244,26.884,swipe right
40.564,2.448,1684,72,1969,2591.91,-390040,224210,-1206240,54201,38.116,swipe right
9.328,-2.694,170,-8,1036,1049.885,491750,-306390,1097250,-48006,12.022,swipe right
48.542,-169.503,-896,-166,805,1215.893,-10220,10640,20650,18902,218.045,swipe right
60.782,144.159,-1977,1428,1364,2794.317,-36960,83580,108920,12064,-83.377,swipe right
54.728,135.014,-1998,1997,1998,3460.06,61880,-384020,-723240,-8515,-80.286,swipe right
14.332,0,337,0,1319,1361.37,5460,72730,2021950,15917,14.332,swipe right
24.402,175.634,-655,50,1448,1590.04,-11830,8400,54950,55869,-151.232,swipe right
57.322,44.985,1998,1997,1812,3356.092,-7490,3290,19180,-12678,12.337,swipe right
29.839,4.349,1065,81,1862,2146.585,-127050,689360,-2076130,-25257,25.49,swipe right
11.429,-151.525,-177,-96,996,1016.15,164500,-719810,2035670,24389,162.954,swipe right
7.889,-32.371,112,-71,957,966.143,5740,-5740,16450,15574,40.26,swipe right
46.015,-168.927,-1998,-391,1965,2829.507,-51590,-81130,-77070,20120,214.942,swipe right
75.638,38.757,1998,1604,656,2644.835,57610,70490,420560,2892,36.881,swipe right
168.571,105.674,-55,196,-1007,1027.37,-194740,-83930,-441140,-26114,62.897,swipe right
33.218,166.776,-932,219,1462,1747.578,28210,14070,191030,522,-133.558,swipe right
69.931,44.985,1998,1997,1032,3007.496,-107590,77070,-448420,19858,24.946,swipe right
57.328,-169.066,-1874,-362,1224,2267.398,63210,-89040,272370,-1346,226.394,swipe right
12.029,-47.185,126,-136,870,889.534,31850,-14630,-26880,-2919,59.214,swipe right
15.115,-27.349,232,-120,967,1001.655,-9520,770,9310,11780,42.464,swipe right
45.191,-173.376,-1998,-232,1998,2835.106,-22330,-115080,-212380,39426,218.567,swipe right
59.269,68.267,796,1997,1278,2500.981,232400,35210,876400,-6668,-8.998,swipe right
9.094,12.133,200,43,1278,1294.269,-207270,127960,-784000,6609,-3.039,swipe right
10.279,-38.908,140,-113,992,1008.183,4620,-770,17920,17244,49.187,swipe right
51.046,169.647,-1998,365,1642,2611.779,-110670,32480,-426510,16486,-118.601,swipe right
54.728,135.014,-1998,1997,1998,3460.06,337610,-81410,1268260,27185,-80.286,swipe right
49.582,11.099,1203,236,1044,1610.23,-256900,70280,-965860,-7044,38.483,swipe right
7.724,-40.186,103,-87,994,1003.102,-1400,350,24850,24006,47.91,swipe right
51.542,170.064,-1998,350,1611,2590.333,-87290,-44380,-399560,27886,-118.522,swipe right
55.475,156.832,-1998,855,1495,2637.812,217560,-28630,1006390,-32192,-101.357,swipe right
14.632,-4.335,277,-21,1064,1099.666,-134400,70700,-676550,11541,18.967,swipe right
24.806,11.689,406,84,897,988.18,490,10990,45780,46323,13.117,swipe right
71.918,90.028,-1,1997,652,2100.741,-183330,63630,-934430,-2587,-18.11,swipe right
45.801,-166.871,-1998,-466,1995,2861.675,197120,-144550,1160880,4379,212.672,swipe right
18.377,-37.637,201,-155,764,805.06,-13370,69440,-307650,-32622,56.014,swipe right
7.158,48.433,94,106,1128,1136.862,-2030,35140,94780,37765,-41.275,swipe right
55.437,44.985,1998,1997,1946,3430.295,-123830,101430,-815290,-8897,10.452,swipe right
65.644,179.263,-1946,25,881,2136.282,78190,-127260,784280,13547,-113.619,swipe right
19.508,-20.679,355,-134,1071,1136.231,60830,-24570,-99890,-7834,40.187,swipe right
6.189,-57.488,58,-91,995,1000.834,1750,6090,17640,12667,63.677,swipe right
52.415,-167.525,-1998,-442,1575,2582.245,-39340,8680,-51310,37680,219.94,swipe right
67.988,44.985,1998,1997,1142,3046.994,135590,1610,353430,4114,23.003,swipe right
47.483,-168.759,-951,-189,889,1315.463,-93870,-17920,-304150,-43627,216.242,swipe right
13.976,-23.589,229,-100,1004,1034.628,-2030,-770,12810,12316,37.565,swipe right
45.058,-176.334,-1998,-128,1998,2828.496,-57050,-45080,-252560,35288,221.392,swipe right
77.737,44.985,1998,1997,614,2890.849,196560,54250,993790,-16655,32.752,swipe right
38.737,-164.638,-1001,-275,1294,1658.933,-121450,7490,-825860,-32,203.375,swipe right
8.032,-50.339,97,-117,1077,1087.67,2660,420,13230,11723,58.371,swipe right
53.629,-170.956,-1998,-318,1490,2512.613,-7560,-12320,-79170,48332,224.585,swipe right
70.236,44.985,1998,1997,1015,3001.705,137270,-67970,829150,-29660,25.251,swipe right
12.415,176.014,-244,17,1111,1137.605,-116830,110810,-846300,20003,-163.599,swipe right
21.846,-1.529,412,-11,1028,1107.541,4900,-4410,39690,40092,23.375,swipe right
67.952,105.424,-551,1997,839,2235.068,-213780,219380,-954240,8691,-37.472,swipe right
49.04,-165.304,-1998,-524,1793,2735.22,207340,-343560,1141280,-35233,214.344,swipe right
25.171,-9.073,407,-65,877,969.021,-1260,93940,-251720,15948,34.244,swipe right
7.818,4.46,141,11,1030,1039.664,770,5530,40950,39865,3.358,swipe right
52.351,144.77,-1998,1411,1887,3089.286,-136290,51730,-715890,10052,-92.419,swipe right
48.478,-152.299,-1998,-1049,1998,3014.035,196420,-159320,975170,-23595,200.777,swipe right
29.075,-1.729,563,-17,1013,1159.062,-73640,94220,-328440,-16251,30.804,swipe right
6.758,-76.522,29,-121,1050,1057.346,5460,-560,10920,9766,83.28,swipe right
53.129,-178.537,-1998,-51,1499,2498.32,-770,-48720,31430,9521,231.666,swipe right
58.075,44.985,1998,1997,1760,3328.304,84210,60900,370160,16351,13.09,swipe right
24.829,-178.415,-506,-14,1094,1205.432,-55300,-2030,-467040,14883,203.244,swipe right
17.713,-21.139,300,-116,1007,1057.121,1190,-4690,19390,16284,38.852,swipe right
53.593,163.838,-1998,579,1534,2584.647,-23870,31430,-450800,43450,-110.245,swipe right
72.362,109.367,-702,1997,673,2221.202,79170,-187110,1171800,2206,-37.005,swipe right
35.267,11.576,742,152,1071,1311.757,-65450,146300,-822710,-9120,23.691,swipe right
6.133,-61.837,53,-99,1045,1051.016,6860,2660,10360,7981,67.97,swipe right
45.307,-178.967,-1998,-36,1977,2811.019,-21350,28490,-333410,-7014,224.274,swipe right
52.803,123.663,-1330,1997,1821,3012.133,349300,-205100,1296540,45202,-70.86,swipe right
15.367,-176.52,-296,-18,1079,1119.008,-331030,212730,-1065400,1046,191.887,swipe right
23.716,177.199,-552,27,1258,1374.044,13510,-10080,55720,57685,-153.483,swipe right
66.97,57.28,1283,1997,1009,2579.181,-201950,202580,-897050,-22209,9.69,swipe right
50.19,-171.208,-1998,-309,1685,2631.864,160650,-229110,911190,17439,221.398,swipe right
34.492,-10.793,598,-114,886,1074.986,35840,26250,-91490,-34893,45.285,swipe right
11.147,97.943,-18,129,661,673.71,10010,30100,85610,27981,-86.796,swipe right
55.286,44.985,1998,1997,1957,3436.548,-156310,87850,-996310,23827,10.301,swipe right
45.001,-179.369,-1998,-22,1998,2825.684,156380,-190120,1154510,-11200,224.37,swipe right
32.179,-7.308,616,-79,987,1166.132,-5040,74480,-260540,-49042,39.487,swipe right