sequence,id,r,theta,phi,acc_x,acc_y,acc_z,abs_a,g_x,g_y,g_z,abs_g,delta_r,delta_theta,delta_phi,delta_acc_x,delta_acc_y,delta_acc_z,delta_abs_acc,delta_g_x,delta_g_y,delta_g_z,delta_abs_g,label
1,10000000,844.058,33.11,-179.005,-125,-95,1024,1035.966,3290,-5250,-5180,8075,-191.908,24.394,-36.24,30,-1,1118,31.474,3570,-1540,-2310,3377,swipe left
2,10000000,2285.946,53.74,104.066,-461,-8,707,844.058,-11620,-61040,-8260,62682,1441.888,20.63,283.071,-336,87,802,-191.908,-14910,-55790,-3080,54607,swipe left
3,10000000,2287.498,52.674,0.346,-448,1788,1352,2285.946,-50750,46270,486150,23240,1.552,-1.066,-103.72,13,1796,1360,1441.888,-39130,107310,494410,-39442,swipe left
4,10000000,901.226,7.747,-145.394,1819,-11,1387,2287.498,100170,52850,-266910,49635,-1386.272,-44.927,-145.74,2267,-1799,-401,1.552,150920,6580,-753060,26395,swipe left
10,11000000,1003.13,18.731,175.192,-205,-23,1007,1027.911,1400,-3780,-2870,4948,-24.781,7.154,348.79,-19,19,1049,8.911,980,-980,-140,1015,swipe left
11,11000000,2986.789,71.048,135.014,-321,27,950,1003.13,9030,1190,-21490,23340,1983.659,52.317,-40.178,-116,50,973,-24.781,7630,4970,-18620,18392,swipe left
12,11000000,2270.931,40.687,-1.47,-1998,1997,970,2986.789,-8330,-65100,95760,24340,-715.858,-30.361,-136.484,-1677,1970,943,1983.659,-17360,-66290,117250,1000,swipe left
13,11000000,1081.044,16.222,-179.43,1480,-38,1722,2270.931,-8960,22750,-35420,43039,-1189.887,-24.465,-177.96,3478,-2035,-275,-715.858,-630,87850,-131180,18699,swipe left
18,12000000,1091.163,10.175,-55.568,-180,-32,1003,1019.525,-5040,-3500,-11550,13078,71.638,-0.155,114.351,8,-28,1007,3.965,-10780,9380,210,-5283,swipe left
19,12000000,2865.549,80.336,135.014,109,-159,1074,1091.163,4900,-17010,-81480,51549,1774.386,70.161,190.582,289,-127,1106,71.638,9940,-13510,-69930,38471,swipe left
20,12000000,2227.552,44.529,0.733,-1998,1997,481,2865.549,4340,-69440,-113890,25135,-637.997,-35.807,-134.281,-2107,2156,640,1774.386,-560,-52430,-32410,-26414,swipe left
21,12000000,1152.467,22.853,177.054,1562,-20,1588,2227.552,-17570,12320,-32480,38928,-1075.085,-21.676,176.321,3560,-2017,-409,-637.997,-21910,81760,81410,13793,swipe left
26,13000000,923.225,27.888,176.415,-215,-55,1003,1027.258,-1050,-5040,-2380,5671,-104.033,15.412,342.065,-33,-12,1046,-4.826,-420,-1750,-630,1892,swipe left
27,13000000,3338.39,57.798,135.014,-431,27,816,923.225,13230,-9800,-42630,45698,2415.165,29.91,-41.401,-216,82,871,-104.033,14280,-4760,-40250,40027,swipe left
28,13000000,2415.96,52.492,-3.47,-1998,1997,1779,3338.39,7420,-82740,215320,41521,-922.43,-5.306,-138.484,-1567,1970,1752,2415.165,-5810,-72940,257950,-4177,swipe left
29,13000000,1156.063,28.496,177.402,1913,-116,1471,2415.96,6230,24920,-83090,57173,-1259.897,-23.996,180.872,3911,-2113,-526,-922.43,-1190,107660,-298410,15652,swipe left
34,14000000,876.306,18.912,179.193,-212,-37,1004,1026.805,-700,-4410,-6230,7664,-150.499,6.814,349.292,-55,15,1056,21.113,-560,-1890,-5040,4874,swipe left
35,14000000,3041.864,65.073,133.619,-284,4,829,876.306,27580,6930,-47950,55748,2165.558,46.161,-45.574,-72,41,866,-150.499,28280,11340,-41720,48084,swipe left
36,14000000,2825.957,45.007,-1.29,-1903,1997,1282,3041.864,-107940,-71470,537390,24583,-215.907,-20.066,-134.909,-1619,1993,1278,2165.558,-135520,-78400,585340,-31165,swipe left
37,14000000,1224.175,49.008,174.659,1998,-45,1998,2825.957,9590,18130,-145530,11171,-1601.782,4.001,175.949,3901,-2042,1,-215.907,117530,89600,-682920,-13412,swipe left
42,15000000,1079.78,12.298,-126.869,-191,-74,977,998.241,-350,-5950,-5320,7989,81.539,0.458,31.952,-42,10,1061,-37.973,-910,-2730,1260,643,swipe left
43,15000000,3317.248,58.383,135.014,-138,-184,1055,1079.78,3500,-7630,-24360,25765,2237.468,46.085,261.883,53,-110,1129,81.539,3850,-1680,-19040,17776,swipe left
44,15000000,2771.423,46.406,-5.489,-1998,1997,1739,3317.248,106750,-1120,-27860,59858,-545.825,-11.977,-140.503,-1860,2181,1923,2237.468,103250,6510,-3500,34093,swipe left
45,15000000,1286.959,32.451,174.182,1998,-192,1911,2771.423,-18200,11690,-58100,61996,-1484.464,-13.955,179.671,3996,-2189,-86,-545.825,-124950,12810,-30240,2138,swipe left
50,16000000,956.369,30.622,-178.588,-165,-64,1005,1020.463,-280,-4200,-7560,8652,-64.094,20.635,-19.789,27,-2,1067,7.173,1610,840,-4970,2679,swipe left
51,16000000,3440.548,54.498,44.493,-487,-12,823,956.369,20370,20930,-42280,51386,2484.179,23.876,223.081,-322,52,887,-64.094,20650,25130,-34720,42734,swipe left
52,16000000,2846.704,45.423,9.824,1998,1963,1998,3440.548,-328580,-72590,676060,57927,-593.844,-9.075,-34.669,2485,1975,2010,2484.179,-348950,-93520,718340,6541,swipe left
53,16000000,998.125,19.131,175.265,1998,346,1998,2846.704,289870,120680,-447370,48738,-1848.579,-26.292,165.441,0,-1617,35,-593.844,618450,193270,-1123430,-9189,swipe left
58,17000000,1070.404,9.732,-156.551,-149,-72,1002,1015.573,-210,-6230,-11130,12756,54.831,0.355,-2.342,54,-13,1061,2.276,350,840,-6930,4514,swipe left
59,17000000,2879.088,101.134,135.014,-166,-72,1055,1070.404,15960,210,-33250,36882,1808.684,91.402,291.565,-17,0,1127,54.831,16170,6440,-22120,24126,swipe left
60,17000000,2042.411,34.261,-7.495,-1998,1997,-556,2879.088,44310,10710,163590,55407,-836.677,-66.873,-142.509,-1832,2069,-484,1808.684,28350,10500,196840,18525,swipe left
61,17000000,1028.228,15.672,-164.762,1140,-150,1688,2042.411,-13720,-15750,53060,57023,-1014.183,-18.589,-157.267,3138,-2147,-309,-836.677,-58030,-26460,-110530,1616,swipe left
66,18000000,1068.917,28.988,-179.336,-213,-72,989,1014.235,-2800,-4690,-3780,6642,54.682,16.181,-18.013,9,-3,1058,-26.073,-2590,1050,1190,-953,swipe left
67,18000000,2838.66,45.263,-7.752,-518,-6,935,1068.917,3850,-1540,-29120,29413,1769.743,16.275,171.584,-305,66,1007,54.682,6650,3150,-25340,22771,swipe left
68,18000000,2829.362,93.221,135.014,1998,-272,1998,2838.66,18760,98420,-196490,37444,-9.298,47.958,142.766,2516,-266,2004,1769.743,14910,99960,-167370,8031,swipe left
69,18000000,1826.597,42.579,-6.877,-1998,1997,-159,2829.362,-64190,-61880,-260120,50965,-1002.765,-50.642,-141.891,-3996,2269,113,-9.298,-82950,-160300,-63630,13521,swipe left
74,19000000,1029.249,23.483,165.455,-269,-48,955,993.322,3080,-6860,-12040,14195,35.927,7.516,335.337,-43,6,1009,-9.956,5460,-2240,-8750,8045,swipe left
75,19000000,3034.415,68.583,135.014,-397,103,944,1029.249,60480,71960,-175000,28396,2005.166,45.1,-30.441,-128,151,992,35.927,57400,78820,-162960,14201,swipe left
76,19000000,2444.897,54.694,-7.313,-1998,1997,1108,3034.415,770,-26460,41510,49232,-589.518,-13.889,-142.327,-1601,1894,1005,2005.166,-59710,-98420,216510,20836,swipe left
77,19000000,1018.012,31.499,-175.146,1979,-254,1413,2444.897,-4970,17990,-10780,21553,-1426.885,-23.195,-167.833,3977,-2251,-584,-589.518,-5740,44450,-52290,-27679,swipe left
82,10000000,1004.678,37.129,164.015,-583,167,801,1004.678,14070,5390,-64120,6589,-70.258,31.636,18.323,-498,109,743,-70.258,17430,10150,-52920,-6035,swipe left
83,10000000,3212.141,51.536,37.439,1997,1529,1998,3212.141,-157640,2450,454930,64687,2207.463,14.407,-126.576,2580,1362,1831,2207.463,-171710,-2940,519050,58098,swipe left
84,10000000,2867.76,45.836,-13.894,1997,-494,1998,2867.76,139300,77350,-286790,16181,-344.381,-5.7,-51.333,0,-2023,469,-344.381,296940,74900,-741720,-48506,swipe left
85,10000000,1395.786,45.805,173.343,-994,116,973,1395.786,-15400,9800,19180,26477,-1471.974,-0.031,187.237,-2991,610,1467,-1471.974,-154700,-67550,305970,10296,swipe left
90,11000000,1043.188,30.806,169.321,-525,99,896,1043.188,10710,-4340,-33810,35730,-35.639,27.471,11.801,-467,75,872,-35.639,6090,-490,-25620,25570,swipe left
91,11000000,2847.36,45.436,10.135,1997,357,1998,2847.36,-58520,18550,221620,36667,1804.172,14.63,-159.186,2522,258,1899,1804.172,-69230,22890,255430,937,swipe left
92,11000000,2284.766,119.066,90.2,-7,1997,-1110,2284.766,210770,239190,-799120,38655,-562.594,73.63,80.065,-2004,1640,-1467,-562.594,269290,220640,-1020740,1988,swipe left
93,11000000,1226,35.988,165.037,-696,186,992,1226,6790,-39620,84140,10269,-1058.766,-83.078,74.837,-689,-1811,-1005,-1058.766,-203980,-278810,883260,-28386,swipe left
98,12000000,894.106,6.126,128.19,-59,75,889,894.106,4970,8470,-59850,60650,-132.824,-10.303,-40.693,226,19,833,-132.824,-140,9380,-48790,48433,swipe left
99,12000000,2944.02,47.26,22.544,1997,829,1998,2944.02,-107100,-49000,311640,60139,2049.914,41.134,-105.646,2056,754,1923,2049.914,-112070,-57470,371490,-511,swipe left
100,12000000,2434.823,124.84,92.122,-74,1997,-1391,2434.823,-108990,134750,-784770,40684,-509.197,77.58,69.578,-2071,1168,-2220,-509.197,-1890,183750,-1096410,-19455,swipe left
101,12000000,1424.924,9.831,74.992,63,235,1404,1424.924,-9520,-27300,71890,41341,-1009.899,-115.009,-17.13,137,-1762,-593,-1009.899,99470,-162050,856660,657,swipe left
106,13000000,932.346,27.5,-177.204,-242,-88,994,1026.812,840,-3640,-7560,8432,-94.466,12.977,-17.188,-20,-19,1063,9.883,140,-1540,-3920,4172,swipe left
107,13000000,2841.068,66.409,45.404,-430,-21,827,932.346,28000,8890,-95410,37096,1908.722,38.909,222.608,-188,67,915,-94.466,27160,12530,-87850,28664,swipe left
108,13000000,2829.265,45.074,-4.122,1828,1854,1137,2841.068,-203070,-24220,559580,52597,-11.803,-21.335,-49.526,2258,1875,1158,1908.722,-231070,-33110,654990,15501,swipe left
109,13000000,1077.993,51.64,-178.508,1998,-144,1998,2829.265,117180,28210,-328230,44752,-1751.272,6.566,-174.386,170,-1998,144,-11.803,320250,52430,-887810,-7845,swipe left
114,14000000,1313.869,11.822,66.577,-217,-7,1029,1051.655,10920,-4270,-24150,26845,262.214,-0.092,244.729,9,43,1079,74.836,11900,2240,-23100,20179,swipe left
115,14000000,2863.395,80.593,135.014,107,247,1286,1313.869,84700,127120,-202510,64917,1549.526,68.771,68.437,324,254,1293,262.214,73780,131390,-178360,38072,swipe left
116,14000000,2539.837,52.219,-5.545,-1998,1997,468,2863.395,-343770,-307930,644350,33472,-323.558,-28.374,-140.559,-2105,1750,221,1549.526,-428470,-435050,846860,-31445,swipe left
117,14000000,1125.479,32.991,177.006,1998,-194,1556,2539.837,13510,11620,-177450,41728,-1414.358,-19.228,182.551,3996,-2191,-441,-323.558,357280,319550,-821800,8256,swipe left
122,15000000,991.279,23.94,-178.005,-301,-52,1006,1051.351,-2660,-9520,-20440,22704,-60.072,7.05,-7.807,-97,15,1073,8.017,-910,-5180,-16590,16645,swipe left
123,15000000,2572.59,60.776,62.807,-402,-14,906,991.279,23240,3150,-91980,20503,1581.311,36.836,240.812,-101,38,958,-60.072,25900,12670,-71540,-2201,swipe left
124,15000000,2844.919,45.387,-9.406,1026,1997,1256,2572.59,-210420,-85330,767620,29122,272.329,-15.389,-72.213,1428,2011,1270,1581.311,-233660,-88480,859600,8619,swipe left
125,15000000,1242.539,49.315,178.722,1998,-331,1998,2844.919,54950,31360,-165270,35388,-1602.38,3.928,188.128,972,-2328,1,272.329,265370,116690,-932890,6266,swipe left
130,16000000,1067.258,34.835,177.367,-284,-55,993,1034.277,2100,-6160,-16590,17820,32.981,18.594,346.406,-58,13,1061,12.644,490,-1260,-3220,3490,swipe left
131,16000000,2915.149,46.734,19.74,-609,28,876,1067.258,28910,13440,-80010,55884,1847.891,11.899,-157.627,-325,83,931,32.981,26810,19600,-63420,38064,swipe left
132,16000000,1961.463,81.822,82.988,1998,717,1998,2915.149,-107310,98210,237510,16193,-953.686,35.088,63.248,2607,689,1970,1847.891,-136220,84770,317520,-39691,swipe left
133,16000000,903.851,9.288,151.326,237,1927,279,1961.463,117250,-13720,-717710,27612,-1057.612,-72.534,68.338,-1761,1210,-438,-953.686,224560,-111930,-955220,11419,swipe left
138,17000000,984.957,11.259,-176.721,-208,-61,1001,1024.2,910,-7980,-14000,16140,-39.243,-0.959,-13.066,-53,25,1087,0.733,70,-3290,-6300,7086,swipe left
139,17000000,2859.805,45.681,12.446,-192,-11,966,984.957,35560,33600,-109130,37655,1874.848,34.422,189.167,16,50,1027,-39.243,34650,41580,-95130,21515,swipe left
140,17000000,3011.982,110.3,135.014,1998,441,1998,2859.805,-126910,166740,148750,40130,152.177,64.619,122.568,2190,452,2009,1874.848,-162470,133140,257880,2475,swipe left
141,17000000,1265.561,28.328,4.106,-1998,1997,-1045,3011.982,101570,-1330,-624750,34624,-1746.421,-81.972,-130.908,-3996,1556,-1486,152.177,228480,-168070,-773500,-5506,swipe left
145,18000000,961.549,6.691,-178.465,-246,4,1007,1036.619,-770,-3290,-5390,6361,-75.07,-7.038,-357.533,-45,-6,997,49.879,1260,1890,-6230,735,swipe left
146,18000000,3251.604,58.126,43.65,-112,-3,955,961.549,6440,-6440,-18760,20853,2290.055,51.435,222.115,134,-7,951,-75.07,7210,-3150,-13370,14492,swipe left
147,18000000,2743.197,47.564,9.294,1998,1906,1717,3251.604,-235830,255640,436030,43036,-508.407,-10.562,-34.356,2110,1909,1720,2290.055,-242270,262080,454790,22183,swipe left
148,18000000,927.185,7.137,166.446,1998,327,1851,2743.197,171570,161280,-491470,25249,-1816.012,-40.427,157.152,0,-1579,-55,-508.407,407400,-94360,-927500,-17787,swipe left
153,19000000,1026.741,12.603,163.668,-416,25,933,1021.846,5530,-25060,7000,26600,4.895,-11.466,-12.892,-252,-1,907,-33.301,980,-20930,12320,18473,swipe left
154,19000000,2370.623,57.949,83.656,-215,63,1002,1026.741,7630,10780,-36050,38393,1343.882,45.346,-80.012,201,38,977,4.895,2100,35840,-43050,11793,swipe left
155,19000000,2830.889,45.106,4.948,222,1997,1258,2370.623,-113680,-89530,613550,47385,460.266,-12.843,-78.708,437,1934,1195,1343.882,-121310,-100310,649600,8992,swipe left
156,19000000,1124.1,34.265,175.559,1998,173,1998,2830.889,118580,133070,-288470,57572,-1706.789,-10.841,170.611,1776,-1824,1,460.266,232260,222600,-902020,10187,swipe left
161,10000000,959.126,15.329,-176.155,-103,-47,1019,1025.27,490,-2590,490,2681,-66.144,8.99,-20.683,-5,2,1068,15.31,0,3640,70,-3582,swipe left
162,10000000,1845.363,64.618,9.982,-253,-17,925,959.126,8960,-12600,-13090,20258,886.237,49.289,186.137,-150,30,972,-66.144,8470,-10010,-13580,17577,swipe left
163,10000000,2192.262,65.732,-1.347,1642,289,791,1845.363,-45850,-10430,329630,59099,346.899,1.114,-11.329,1895,306,808,886.237,-54810,2170,342720,38841,swipe left
164,10000000,1049.758,11.134,151.412,1998,-47,901,2192.262,52150,84910,-296170,56184,-1142.504,-54.598,152.759,356,-336,612,346.899,98000,95340,-625800,-2915,swipe left
169,11000000,1015.815,7.554,174.844,-90,3,987,991.099,140,-3780,-1890,4228,24.716,2.341,-3.246,33,0,984,-29.345,2240,-770,-1540,542,swipe left
170,11000000,2575.128,51.016,3.494,-133,12,1007,1015.815,-1750,-4340,-5250,7032,1559.313,43.462,-171.35,-43,9,1004,24.716,-1890,-560,-3360,2804,swipe left
171,11000000,2445.741,57.669,14.802,1998,122,1620,2575.128,-106820,-59570,354620,57231,-129.387,6.653,11.308,2131,110,1608,1559.313,-105070,-55230,359870,50199,swipe left
172,11000000,1026.696,6.038,143.66,1998,528,1308,2445.741,120400,107450,-495670,33874,-1419.045,-51.631,128.858,0,406,1186,-129.387,227220,167020,-850290,-23357,swipe left
177,12000000,993.887,12.587,-175.763,-163,-26,995,1008.598,-700,-3360,-2310,4137,-14.711,3.168,-4.826,40,-2,1019,8.486,1400,1680,-490,-1618,swipe left
178,12000000,2827.937,45.047,-3.294,-216,-16,970,993.887,2170,-4620,-3080,5961,1834.05,32.46,172.469,-53,10,996,-14.711,2870,-1260,-770,1824,swipe left
179,12000000,2146.27,106.651,135.118,1998,-115,1998,2827.937,-36750,61880,101780,51516,-681.667,61.604,138.412,2214,-99,2014,1834.05,-38920,66500,104860,45555,swipe left
180,12000000,1016.498,14.07,149.076,-1457,1451,-615,2146.27,-20440,5950,-445270,33912,-1129.772,-92.581,13.958,-3455,1566,-500,-681.667,16310,-55930,-547050,-17604,swipe left
185,13000000,1257.755,22.501,-17.531,-149,-8,1010,1020.962,-700,-3290,1750,3791,236.793,14.098,159.395,-39,8,1026,7.846,-3080,-1120,3920,-92,swipe left
186,13000000,1753.031,59.981,129.573,459,-145,1162,1257.755,9800,8260,-13020,18269,495.276,37.48,147.104,608,-137,1170,236.793,10500,11550,-14770,14478,swipe left
187,13000000,2846.341,45.416,-9.741,-967,1170,877,1753.031,-93730,-58100,370790,60143,1093.31,-14.565,-139.314,-1426,1315,1022,495.276,-103530,-66360,383810,41874,swipe left
188,13000000,1011.622,33.763,174.897,1998,-343,1998,2846.341,69720,55090,-130480,58702,-1834.719,-11.653,184.638,2965,-1513,828,1093.31,163450,113190,-501270,-1441,swipe left
193,14000000,968.516,6.118,144.462,-146,-10,989,999.768,3360,8750,-10990,14444,-31.252,-2.298,320.543,-1,-2,997,-31.507,4130,10850,-6930,9809,swipe left
194,14000000,1758.493,60.272,96.58,-84,60,963,968.516,48370,64680,-89110,39734,789.977,54.154,-47.882,62,70,973,-31.252,45010,55930,-78120,25290,swipe left
195,14000000,2825.613,45,0.258,-175,1517,872,1758.493,-120260,-111650,498330,19572,1067.12,-15.272,-96.322,-91,1457,812,789.977,-168630,-176330,587440,-20162,swipe left
196,14000000,952.509,31.401,-178.037,1998,-9,1998,2825.613,107660,91840,-249060,21254,-1873.104,-13.599,-178.295,2173,-1526,481,1067.12,227920,203490,-747390,1682,swipe left
201,15000000,1514.773,37.484,-10.627,-162,-18,1007,1020.106,1120,-6160,1260,6386,494.667,28.29,163.032,-38,-3,1022,13.328,420,-2030,6440,-275,swipe left
202,15000000,2885.031,78.28,135.014,906,-170,1202,1514.773,12180,19600,-22610,32306,1370.258,40.796,145.641,1068,-152,1220,494.667,11060,25760,-23870,25920,swipe left
203,15000000,2820.037,44.886,-2.649,-1998,1997,586,2885.031,-117250,-169330,497630,47885,-64.994,-33.394,-137.663,-2904,2167,756,1370.258,-129430,-188930,520240,15579,swipe left
204,15000000,885.314,19.603,179.228,1988,-92,1998,2820.037,67550,45570,-126350,33602,-1934.723,-25.283,181.877,3986,-2089,1,-64.994,184800,214900,-623980,-14283,swipe left
209,16000000,1068.416,10.359,177.912,-121,-25,991,998.672,9380,-14630,-1610,17453,69.744,3.253,346.238,-73,-5,1011,11.302,18200,-9450,-5390,6549,swipe left
210,16000000,2836.028,45.21,-6.934,-192,7,1051,1068.416,12670,-7350,6300,15944,1767.612,34.851,-184.846,-71,32,1076,69.744,3290,7280,7910,-1509,swipe left
211,16000000,2825.446,88.864,135.014,1998,-243,1998,2836.028,-38080,73500,140980,30949,-10.582,43.654,141.948,2190,-250,1991,1767.612,-50750,80850,134680,15005,swipe left
212,16000000,1359.757,9.527,22.463,-1998,1997,56,2825.446,2870,43470,-269850,41260,-1465.689,-79.337,-112.551,-3996,2240,299,-10.582,40950,-30030,-410830,10311,swipe left
217,17000000,1000.664,5.534,-169.854,-108,-8,981,986.959,-2310,-5180,-7000,9009,13.705,-0.765,5.909,41,-3,986,-32.995,420,2520,-5950,773,swipe left
218,17000000,2832.953,45.148,-5.829,-95,-17,996,1000.664,910,-7770,6860,10404,1832.289,39.614,164.025,13,-9,1004,13.705,3220,-2590,13860,1395,swipe left
219,17000000,2879.088,78.865,135.014,1998,-204,1998,2832.953,16450,117040,50610,60377,46.135,33.717,140.843,2093,-187,2015,1832.289,15540,124810,43750,49973,swipe left
220,17000000,1678.386,21.275,0.188,-1998,1997,556,2879.088,-35980,15540,-382200,39799,-1200.702,-57.59,-134.826,-3996,2201,760,46.135,-52430,-101500,-432810,-20578,swipe left
225,18000000,1024.656,7.008,-172.647,-80,-22,1011,1014.398,2590,-2870,-4690,6077,10.258,2.317,-8.024,22,7,1040,-7.12,1330,-1330,-2660,3235,swipe left
226,18000000,2541.751,52.423,-7.76,-124,-16,1017,1024.656,2730,-1750,-9590,10123,1517.095,45.415,164.887,-44,6,1039,10.258,140,1120,-4900,4046,swipe left
227,18000000,2995.667,70.56,135.014,1996,-272,1550,2541.751,-2450,15750,21700,26924,453.916,18.137,142.774,2120,-256,1566,1517.095,-5180,17500,31290,16801,swipe left
228,18000000,1461.307,26.215,-5.065,-1998,1997,997,2995.667,-32340,50610,-354620,22662,-1534.36,-44.345,-140.079,-3994,2269,1269,453.916,-29890,34860,-376320,-4262,swipe left
233,19000000,1014.46,5.947,177.273,-189,10,988,1005.964,-4060,-2730,-6020,7757,8.496,-4.897,0.302,-46,8,986,13.605,-3920,-1330,-1820,3328,swipe left
234,19000000,2826.788,45.024,-2.35,-105,5,1009,1014.46,980,-490,-10920,10974,1812.328,39.077,-179.623,84,-5,999,8.496,5040,2240,-4900,3217,swipe left
235,19000000,2831.408,93.888,135.014,1998,-82,1998,2826.788,-41230,46340,105630,46044,4.62,48.864,137.364,2103,-87,1993,1812.328,-42210,46830,116550,35070,swipe left
236,19000000,1508.97,33.795,-10.225,-1998,1997,-192,2831.408,80220,53200,-341180,33395,-1322.438,-60.093,-145.239,-3996,2079,-110,4.62,121450,6860,-446810,-12649,swipe left
241,10000000,1136.407,3.729,-23.096,68,-29,1134,1136.407,26950,21280,-50610,61159,148.147,-6.353,-190.746,237,-66,1097,148.147,28560,23450,-49280,58148,swipe left
242,10000000,3007.153,69.949,135.014,-1998,1997,1031,3007.153,-97720,-67550,413140,10642,1870.746,66.22,158.11,-2066,2026,1060,1870.746,-124670,-88830,463750,-50517,swipe left
243,10000000,2511.294,39.276,-6.682,1579,-185,1944,2511.294,56980,12040,-79660,33874,-495.859,-30.673,-141.696,3577,-2182,-53,-495.859,154700,79590,-492800,23232,swipe left
244,10000000,914.576,24.383,167.767,-369,80,833,914.576,7070,-6580,-13510,16607,-1596.718,-14.893,174.449,-1948,265,1018,-1596.718,-49910,-18620,66150,-17267,swipe left
249,11000000,1001.419,21.302,166.001,-353,88,933,1001.419,-980,630,3500,3688,-1.923,10.034,4.436,-167,26,871,-1.923,140,1820,10150,-3159,swipe left
250,11000000,2842.179,83.677,135.014,-1998,1997,313,2842.179,-135100,-115920,635320,39105,1840.76,62.375,-30.987,-1645,1909,225,1840.76,-134120,-116550,631820,35417,swipe left
251,11000000,2739.302,47.234,-6.768,1997,-237,1860,2739.302,44520,44940,-155750,49898,-102.877,-36.443,-141.782,3995,-2234,-137,-102.877,179620,160860,-791070,10793,swipe left
252,11000000,885.036,18.356,163.32,-267,80,840,885.036,12040,2240,-16940,20903,-1854.266,-28.878,170.088,-2264,317,1077,-1854.266,-32480,-42700,138810,-28995,swipe left
257,12000000,993.312,12.166,161.045,-198,68,971,993.312,-3710,-4970,-2800,6804,-4.976,2.808,7.768,-53,-5,898,-4.976,1400,3220,2030,-3990,swipe left
258,12000000,2827.313,45.034,3.353,1997,117,1998,2827.313,-43330,171920,255920,49393,1834.001,32.868,-157.692,2195,49,1930,1834.001,-39620,176890,258720,42589,swipe left
259,12000000,1408.812,97.873,86.549,84,1393,-193,1408.812,155890,125020,-566370,64995,-1418.501,52.839,83.196,-1913,1276,-310,-1418.501,199220,-46900,-822290,15602,swipe left
260,12000000,1247.534,25.607,150.439,-469,266,1125,1247.534,-20300,-42700,81830,18482,-161.278,-72.266,63.89,-553,-1127,-268,-161.278,-176190,-167720,648200,-46513,swipe left
265,13000000,1035.538,8.561,157.094,-142,60,1024,1035.538,9310,-7140,-18130,21595,45.619,0.444,-3.693,-10,14,978,45.619,6580,-1540,-9940,11305,swipe left
266,13000000,2731.24,56.737,29.022,1997,1108,1498,2731.24,-95970,-36960,450590,56162,1695.702,48.176,-128.072,2139,1048,1438,1695.702,-105280,-29820,468720,34567,swipe left
267,13000000,2825.913,45.006,2.179,1997,76,1998,2825.913,161140,157920,-398440,59167,94.673,-11.731,-26.843,0,-1032,890,94.673,257110,194880,-849030,3005,swipe left
268,13000000,1192.18,46.608,164.054,-833,238,819,1192.18,-22400,-9100,44100,50292,-1633.733,1.602,161.875,-2830,162,743,-1633.733,-183540,-167020,442540,-8875,swipe left
273,14000000,1016.221,14.466,158.994,-237,91,984,1016.221,11550,-11900,-100520,42300,27.779,5.74,-14.497,-88,74,967,27.779,15680,-5880,-101220,34967,swipe left
274,14000000,3403.294,56.103,135.014,-1998,1997,1898,3403.294,-19950,-202860,486290,56126,2387.073,41.637,-23.98,-1761,1906,1807,2387.073,-31500,-190960,586810,13826,swipe left
275,14000000,2476.344,52.979,-7.556,1960,-260,1491,2476.344,-25270,-46760,-8680,53855,-926.95,-3.124,-142.57,3958,-2257,-506,-926.95,-5320,156100,-494970,-2271,swipe left
276,14000000,841.819,11.809,-176.672,-172,-10,824,841.819,-1330,13020,-15540,20317,-1634.525,-41.17,-169.116,-2132,250,1084,-1634.525,23940,59780,-6860,-33538,swipe left
281,15000000,926.156,16.062,153.334,-229,115,890,926.156,32130,22260,-120820,56924,-54.901,15.442,194.519,-237,122,897,-54.901,30730,20790,-112980,48826,swipe left
282,15000000,2853.07,81.94,135.014,-1998,1997,400,2853.07,-121240,-93310,394380,53364,1926.914,65.878,-18.32,-1769,1882,285,1926.914,-153370,-115570,515200,-3560,swipe left
283,15000000,1597.917,28.595,8.193,757,109,1403,1597.917,-36400,350,61320,28111,-1255.153,-53.345,-126.821,2755,-1888,-594,-1255.153,84840,93660,-333060,-25253,swipe left
284,15000000,970.893,17.094,-176.987,-285,-15,928,970.893,-140,-7630,910,7685,-627.024,-11.501,-185.18,-1042,-124,819,-627.024,36260,-7980,-60410,-20426,swipe left
289,16000000,1097.144,36.054,166.932,-629,146,887,1097.144,24570,13020,-37240,46476,128.685,32.908,178.876,-681,157,898,128.685,28140,13300,-33740,41469,swipe left
290,16000000,3378.405,56.736,135.014,-1998,1997,1853,3378.405,-63840,-150150,713160,51398,2281.261,20.682,-31.918,-1369,1851,1707,2281.261,-88410,-163170,750400,4922,swipe left
291,16000000,2832.104,45.131,-5.775,1997,-202,1998,2832.104,43120,20090,-91840,45908,-546.301,-11.605,-140.789,3995,-2199,1,-546.301,106960,170240,-805000,-5490,swipe left
292,16000000,727.419,19.189,178.322,-239,7,687,727.419,-18550,7350,-18410,27148,-2104.685,-25.942,184.097,-2236,209,889,-2104.685,-61670,-12740,73430,-18760,swipe left
297,17000000,940.485,11.378,146.652,-155,102,922,940.485,5530,-1190,-24990,25622,-78.214,0.99,-10.272,14,30,850,-78.214,3640,3150,-13930,13592,swipe left
298,17000000,2831.822,45.125,-5.662,1997,-198,1998,2831.822,12040,55930,46970,34414,1891.337,33.747,-152.314,2152,-300,1896,1891.337,6510,57120,71960,8792,swipe left
299,17000000,3329.362,121.953,135.014,-1998,1997,-1762,3329.362,-132860,30520,-554190,59893,497.54,76.828,140.676,-3995,2195,-1564,497.54,-144900,-25410,-601160,25479,swipe left
300,17000000,1706.438,31.24,8.185,876,126,1459,1706.438,-29400,-53130,120610,32466,-1622.924,-90.713,-126.829,2874,-1871,-538,-1622.924,103460,-83650,674800,-27427,swipe left
305,18000000,1003.916,9.2,149.281,-138,82,991,1003.916,-1260,-6160,-4410,7679,5.007,-1.666,-8.239,36,10,919,5.007,-140,-700,1890,-732,swipe left
306,18000000,2833.29,45.155,-6.229,1997,-218,1998,2833.29,59850,73010,-45920,49307,1829.374,35.955,-155.51,2135,-300,1916,1829.374,61110,79170,-41510,41628,swipe left
307,18000000,2863.232,80.612,135.014,-1998,1997,467,2863.232,-203280,42280,-536060,63664,29.942,35.457,141.243,-3995,2215,685,29.942,-263130,-30730,-490140,14357,swipe left
308,18000000,1515.563,22.321,8.693,569,87,1402,1515.563,10360,-43330,55440,27630,-1347.669,-58.291,-126.321,2567,-1910,-595,-1347.669,213640,-85610,591500,-36034,swipe left
313,19000000,1310.606,29.738,6.447,646,73,1138,1310.606,49350,6860,-195020,43134,348.544,8.878,-157.975,976,-19,1046,348.544,53550,14490,-198170,33873,swipe left
314,19000000,3052.269,112.255,135.014,-1998,1997,-1156,3052.269,-155330,-109830,478590,56968,1741.663,82.517,128.567,-2644,1924,-1229,1741.663,-204680,-116690,673610,13834,swipe left
315,19000000,2590.217,46.163,2.883,1866,94,1794,2590.217,-8260,-22120,-3500,23869,-462.052,-66.092,-132.131,3864,-1903,-203,-462.052,147070,87710,-482090,-33099,swipe left
316,19000000,959.802,28.436,-179.247,-457,-6,844,959.802,12110,12040,-18620,25264,-1630.415,-17.727,-182.13,-2323,-100,750,-1630.415,20370,34160,-15120,1395,swipe left